{
	"ImportPath": "k8s.io/apiextensions-apiserver",
	"GoVersion": "go1.11",
	"GodepVersion": "v80",
	"Packages": [
		"./..."
	],
	"Deps": [
		{
			"ImportPath": "bitbucket.org/ww/goautoneg",
			"Rev": "75cd24fc2f2c2a2088577d12123ddee5f54e0675"
		},
		{
			"ImportPath": "github.com/Azure/go-ansiterm",
			"Rev": "d6e3b3328b783f23731bc4d058875b0371ff8109"
		},
		{
			"ImportPath": "github.com/Azure/go-ansiterm/winterm",
			"Rev": "d6e3b3328b783f23731bc4d058875b0371ff8109"
		},
		{
			"ImportPath": "github.com/NYTimes/gziphandler",
			"Rev": "56545f4a5d46df9a6648819d1664c3a03a13ffdb"
		},
		{
			"ImportPath": "github.com/PuerkitoBio/purell",
			"Rev": "8a290539e2e8629dbc4e6bad948158f790ec31f4"
		},
		{
			"ImportPath": "github.com/PuerkitoBio/urlesc",
			"Rev": "5bd2802263f21d8788851d5305584c82a5c75d7e"
		},
		{
			"ImportPath": "github.com/asaskevich/govalidator",
			"Rev": "f9ffefc3facfbe0caee3fea233cbb6e8208f4541"
		},
		{
			"ImportPath": "github.com/beorn7/perks/quantile",
			"Rev": "3ac7bf7a47d159a033b107610db8a1b6575507a4"
		},
		{
			"ImportPath": "github.com/coreos/bbolt",
			"Rev": "48ea1b39c25fc1bab3506fbc712ecbaa842c4d2d"
		},
		{
			"ImportPath": "github.com/coreos/etcd/alarm",
			"Rev": "27fc7e2296f506182f58ce846e48f36b34fe6842"
		},
		{
			"ImportPath": "github.com/coreos/etcd/auth",
			"Rev": "27fc7e2296f506182f58ce846e48f36b34fe6842"
		},
		{
			"ImportPath": "github.com/coreos/etcd/auth/authpb",
			"Rev": "27fc7e2296f506182f58ce846e48f36b34fe6842"
		},
		{
			"ImportPath": "github.com/coreos/etcd/client",
			"Rev": "27fc7e2296f506182f58ce846e48f36b34fe6842"
		},
		{
			"ImportPath": "github.com/coreos/etcd/clientv3",
			"Rev": "27fc7e2296f506182f58ce846e48f36b34fe6842"
		},
		{
			"ImportPath": "github.com/coreos/etcd/clientv3/concurrency",
			"Rev": "27fc7e2296f506182f58ce846e48f36b34fe6842"
		},
		{
			"ImportPath": "github.com/coreos/etcd/clientv3/namespace",
			"Rev": "27fc7e2296f506182f58ce846e48f36b34fe6842"
		},
		{
			"ImportPath": "github.com/coreos/etcd/clientv3/naming",
			"Rev": "27fc7e2296f506182f58ce846e48f36b34fe6842"
		},
		{
			"ImportPath": "github.com/coreos/etcd/compactor",
			"Rev": "27fc7e2296f506182f58ce846e48f36b34fe6842"
		},
		{
			"ImportPath": "github.com/coreos/etcd/discovery",
			"Rev": "27fc7e2296f506182f58ce846e48f36b34fe6842"
		},
		{
			"ImportPath": "github.com/coreos/etcd/embed",
			"Rev": "27fc7e2296f506182f58ce846e48f36b34fe6842"
		},
		{
			"ImportPath": "github.com/coreos/etcd/error",
			"Rev": "27fc7e2296f506182f58ce846e48f36b34fe6842"
		},
		{
			"ImportPath": "github.com/coreos/etcd/etcdserver",
			"Rev": "27fc7e2296f506182f58ce846e48f36b34fe6842"
		},
		{
			"ImportPath": "github.com/coreos/etcd/etcdserver/api",
			"Rev": "27fc7e2296f506182f58ce846e48f36b34fe6842"
		},
		{
			"ImportPath": "github.com/coreos/etcd/etcdserver/api/etcdhttp",
			"Rev": "27fc7e2296f506182f58ce846e48f36b34fe6842"
		},
		{
			"ImportPath": "github.com/coreos/etcd/etcdserver/api/v2http",
			"Rev": "27fc7e2296f506182f58ce846e48f36b34fe6842"
		},
		{
			"ImportPath": "github.com/coreos/etcd/etcdserver/api/v2http/httptypes",
			"Rev": "27fc7e2296f506182f58ce846e48f36b34fe6842"
		},
		{
			"ImportPath": "github.com/coreos/etcd/etcdserver/api/v2v3",
			"Rev": "27fc7e2296f506182f58ce846e48f36b34fe6842"
		},
		{
			"ImportPath": "github.com/coreos/etcd/etcdserver/api/v3client",
			"Rev": "27fc7e2296f506182f58ce846e48f36b34fe6842"
		},
		{
			"ImportPath": "github.com/coreos/etcd/etcdserver/api/v3election",
			"Rev": "27fc7e2296f506182f58ce846e48f36b34fe6842"
		},
		{
			"ImportPath": "github.com/coreos/etcd/etcdserver/api/v3election/v3electionpb",
			"Rev": "27fc7e2296f506182f58ce846e48f36b34fe6842"
		},
		{
			"ImportPath": "github.com/coreos/etcd/etcdserver/api/v3election/v3electionpb/gw",
			"Rev": "27fc7e2296f506182f58ce846e48f36b34fe6842"
		},
		{
			"ImportPath": "github.com/coreos/etcd/etcdserver/api/v3lock",
			"Rev": "27fc7e2296f506182f58ce846e48f36b34fe6842"
		},
		{
			"ImportPath": "github.com/coreos/etcd/etcdserver/api/v3lock/v3lockpb",
			"Rev": "27fc7e2296f506182f58ce846e48f36b34fe6842"
		},
		{
			"ImportPath": "github.com/coreos/etcd/etcdserver/api/v3lock/v3lockpb/gw",
			"Rev": "27fc7e2296f506182f58ce846e48f36b34fe6842"
		},
		{
			"ImportPath": "github.com/coreos/etcd/etcdserver/api/v3rpc",
			"Rev": "27fc7e2296f506182f58ce846e48f36b34fe6842"
		},
		{
			"ImportPath": "github.com/coreos/etcd/etcdserver/api/v3rpc/rpctypes",
			"Rev": "27fc7e2296f506182f58ce846e48f36b34fe6842"
		},
		{
			"ImportPath": "github.com/coreos/etcd/etcdserver/auth",
			"Rev": "27fc7e2296f506182f58ce846e48f36b34fe6842"
		},
		{
			"ImportPath": "github.com/coreos/etcd/etcdserver/etcdserverpb",
			"Rev": "27fc7e2296f506182f58ce846e48f36b34fe6842"
		},
		{
			"ImportPath": "github.com/coreos/etcd/etcdserver/etcdserverpb/gw",
			"Rev": "27fc7e2296f506182f58ce846e48f36b34fe6842"
		},
		{
			"ImportPath": "github.com/coreos/etcd/etcdserver/membership",
			"Rev": "27fc7e2296f506182f58ce846e48f36b34fe6842"
		},
		{
			"ImportPath": "github.com/coreos/etcd/etcdserver/stats",
			"Rev": "27fc7e2296f506182f58ce846e48f36b34fe6842"
		},
		{
			"ImportPath": "github.com/coreos/etcd/integration",
			"Rev": "27fc7e2296f506182f58ce846e48f36b34fe6842"
		},
		{
			"ImportPath": "github.com/coreos/etcd/lease",
			"Rev": "27fc7e2296f506182f58ce846e48f36b34fe6842"
		},
		{
			"ImportPath": "github.com/coreos/etcd/lease/leasehttp",
			"Rev": "27fc7e2296f506182f58ce846e48f36b34fe6842"
		},
		{
			"ImportPath": "github.com/coreos/etcd/lease/leasepb",
			"Rev": "27fc7e2296f506182f58ce846e48f36b34fe6842"
		},
		{
			"ImportPath": "github.com/coreos/etcd/mvcc",
			"Rev": "27fc7e2296f506182f58ce846e48f36b34fe6842"
		},
		{
			"ImportPath": "github.com/coreos/etcd/mvcc/backend",
			"Rev": "27fc7e2296f506182f58ce846e48f36b34fe6842"
		},
		{
			"ImportPath": "github.com/coreos/etcd/mvcc/mvccpb",
			"Rev": "27fc7e2296f506182f58ce846e48f36b34fe6842"
		},
		{
			"ImportPath": "github.com/coreos/etcd/pkg/adt",
			"Rev": "27fc7e2296f506182f58ce846e48f36b34fe6842"
		},
		{
			"ImportPath": "github.com/coreos/etcd/pkg/contention",
			"Rev": "27fc7e2296f506182f58ce846e48f36b34fe6842"
		},
		{
			"ImportPath": "github.com/coreos/etcd/pkg/cors",
			"Rev": "27fc7e2296f506182f58ce846e48f36b34fe6842"
		},
		{
			"ImportPath": "github.com/coreos/etcd/pkg/cpuutil",
			"Rev": "27fc7e2296f506182f58ce846e48f36b34fe6842"
		},
		{
			"ImportPath": "github.com/coreos/etcd/pkg/crc",
			"Rev": "27fc7e2296f506182f58ce846e48f36b34fe6842"
		},
		{
			"ImportPath": "github.com/coreos/etcd/pkg/debugutil",
			"Rev": "27fc7e2296f506182f58ce846e48f36b34fe6842"
		},
		{
			"ImportPath": "github.com/coreos/etcd/pkg/fileutil",
			"Rev": "27fc7e2296f506182f58ce846e48f36b34fe6842"
		},
		{
			"ImportPath": "github.com/coreos/etcd/pkg/httputil",
			"Rev": "27fc7e2296f506182f58ce846e48f36b34fe6842"
		},
		{
			"ImportPath": "github.com/coreos/etcd/pkg/idutil",
			"Rev": "27fc7e2296f506182f58ce846e48f36b34fe6842"
		},
		{
			"ImportPath": "github.com/coreos/etcd/pkg/ioutil",
			"Rev": "27fc7e2296f506182f58ce846e48f36b34fe6842"
		},
		{
			"ImportPath": "github.com/coreos/etcd/pkg/logutil",
			"Rev": "27fc7e2296f506182f58ce846e48f36b34fe6842"
		},
		{
			"ImportPath": "github.com/coreos/etcd/pkg/netutil",
			"Rev": "27fc7e2296f506182f58ce846e48f36b34fe6842"
		},
		{
			"ImportPath": "github.com/coreos/etcd/pkg/pathutil",
			"Rev": "27fc7e2296f506182f58ce846e48f36b34fe6842"
		},
		{
			"ImportPath": "github.com/coreos/etcd/pkg/pbutil",
			"Rev": "27fc7e2296f506182f58ce846e48f36b34fe6842"
		},
		{
			"ImportPath": "github.com/coreos/etcd/pkg/runtime",
			"Rev": "27fc7e2296f506182f58ce846e48f36b34fe6842"
		},
		{
			"ImportPath": "github.com/coreos/etcd/pkg/schedule",
			"Rev": "27fc7e2296f506182f58ce846e48f36b34fe6842"
		},
		{
			"ImportPath": "github.com/coreos/etcd/pkg/srv",
			"Rev": "27fc7e2296f506182f58ce846e48f36b34fe6842"
		},
		{
			"ImportPath": "github.com/coreos/etcd/pkg/testutil",
			"Rev": "27fc7e2296f506182f58ce846e48f36b34fe6842"
		},
		{
			"ImportPath": "github.com/coreos/etcd/pkg/tlsutil",
			"Rev": "27fc7e2296f506182f58ce846e48f36b34fe6842"
		},
		{
			"ImportPath": "github.com/coreos/etcd/pkg/transport",
			"Rev": "27fc7e2296f506182f58ce846e48f36b34fe6842"
		},
		{
			"ImportPath": "github.com/coreos/etcd/pkg/types",
			"Rev": "27fc7e2296f506182f58ce846e48f36b34fe6842"
		},
		{
			"ImportPath": "github.com/coreos/etcd/pkg/wait",
			"Rev": "27fc7e2296f506182f58ce846e48f36b34fe6842"
		},
		{
			"ImportPath": "github.com/coreos/etcd/proxy/grpcproxy",
			"Rev": "27fc7e2296f506182f58ce846e48f36b34fe6842"
		},
		{
			"ImportPath": "github.com/coreos/etcd/proxy/grpcproxy/adapter",
			"Rev": "27fc7e2296f506182f58ce846e48f36b34fe6842"
		},
		{
			"ImportPath": "github.com/coreos/etcd/proxy/grpcproxy/cache",
			"Rev": "27fc7e2296f506182f58ce846e48f36b34fe6842"
		},
		{
			"ImportPath": "github.com/coreos/etcd/raft",
			"Rev": "27fc7e2296f506182f58ce846e48f36b34fe6842"
		},
		{
			"ImportPath": "github.com/coreos/etcd/raft/raftpb",
			"Rev": "27fc7e2296f506182f58ce846e48f36b34fe6842"
		},
		{
			"ImportPath": "github.com/coreos/etcd/rafthttp",
			"Rev": "27fc7e2296f506182f58ce846e48f36b34fe6842"
		},
		{
			"ImportPath": "github.com/coreos/etcd/snap",
			"Rev": "27fc7e2296f506182f58ce846e48f36b34fe6842"
		},
		{
			"ImportPath": "github.com/coreos/etcd/snap/snappb",
			"Rev": "27fc7e2296f506182f58ce846e48f36b34fe6842"
		},
		{
			"ImportPath": "github.com/coreos/etcd/store",
			"Rev": "27fc7e2296f506182f58ce846e48f36b34fe6842"
		},
		{
			"ImportPath": "github.com/coreos/etcd/version",
			"Rev": "27fc7e2296f506182f58ce846e48f36b34fe6842"
		},
		{
			"ImportPath": "github.com/coreos/etcd/wal",
			"Rev": "27fc7e2296f506182f58ce846e48f36b34fe6842"
		},
		{
			"ImportPath": "github.com/coreos/etcd/wal/walpb",
			"Rev": "27fc7e2296f506182f58ce846e48f36b34fe6842"
		},
		{
			"ImportPath": "github.com/coreos/go-semver/semver",
			"Rev": "e214231b295a8ea9479f11b70b35d5acf3556d9b"
		},
		{
			"ImportPath": "github.com/coreos/go-systemd/daemon",
			"Rev": "39ca1b05acc7ad1220e09f133283b8859a8b71ab"
		},
		{
			"ImportPath": "github.com/coreos/go-systemd/journal",
			"Rev": "39ca1b05acc7ad1220e09f133283b8859a8b71ab"
		},
		{
			"ImportPath": "github.com/coreos/pkg/capnslog",
			"Rev": "97fdf19511ea361ae1c100dd393cc47f8dcfa1e1"
		},
		{
			"ImportPath": "github.com/davecgh/go-spew/spew",
			"Rev": "782f4967f2dc4564575ca782fe2d04090b5faca8"
		},
		{
			"ImportPath": "github.com/dgrijalva/jwt-go",
			"Rev": "01aeca54ebda6e0fbfafd0a524d234159c05ec20"
		},
		{
			"ImportPath": "github.com/docker/docker/pkg/term",
			"Rev": "a9fbbdc8dd8794b20af358382ab780559bca589d"
		},
		{
			"ImportPath": "github.com/docker/docker/pkg/term/windows",
			"Rev": "a9fbbdc8dd8794b20af358382ab780559bca589d"
		},
		{
			"ImportPath": "github.com/elazarl/go-bindata-assetfs",
			"Rev": "3dcc96556217539f50599357fb481ac0dc7439b9"
		},
		{
			"ImportPath": "github.com/emicklei/go-restful",
			"Rev": "ff4f55a206334ef123e4f79bbf348980da81ca46"
		},
		{
			"ImportPath": "github.com/emicklei/go-restful-swagger12",
			"Rev": "dcef7f55730566d41eae5db10e7d6981829720f6"
		},
		{
			"ImportPath": "github.com/emicklei/go-restful/log",
			"Rev": "ff4f55a206334ef123e4f79bbf348980da81ca46"
		},
		{
			"ImportPath": "github.com/evanphx/json-patch",
			"Rev": "36442dbdb585210f8d5a1b45e67aa323c197d5c4"
		},
		{
			"ImportPath": "github.com/ghodss/yaml",
			"Rev": "c7ce16629ff4cd059ed96ed06419dd3856fd3577"
		},
		{
			"ImportPath": "github.com/globalsign/mgo/bson",
			"Rev": "eeefdecb41b842af6dc652aaea4026e8403e62df"
		},
		{
			"ImportPath": "github.com/globalsign/mgo/internal/json",
			"Rev": "eeefdecb41b842af6dc652aaea4026e8403e62df"
		},
		{
			"ImportPath": "github.com/go-openapi/analysis",
			"Rev": "c701774f4e604d952e4e8c56dee260be696e33c3"
		},
		{
			"ImportPath": "github.com/go-openapi/analysis/internal",
			"Rev": "c701774f4e604d952e4e8c56dee260be696e33c3"
		},
		{
			"ImportPath": "github.com/go-openapi/errors",
			"Rev": "d9664f9fab8994271e573ed69cf2adfc09b7a800"
		},
		{
			"ImportPath": "github.com/go-openapi/jsonpointer",
			"Rev": "ef5f0afec364d3b9396b7b77b43dbe26bf1f8004"
		},
		{
			"ImportPath": "github.com/go-openapi/jsonreference",
			"Rev": "8483a886a90412cd6858df4ea3483dce9c8e35a3"
		},
		{
			"ImportPath": "github.com/go-openapi/loads",
			"Rev": "150d36912387ec2f607be674c5be309ddccc0eed"
		},
		{
			"ImportPath": "github.com/go-openapi/runtime",
			"Rev": "231d7876b7019dbcbfc97a7ba764379497b67c1d"
		},
		{
			"ImportPath": "github.com/go-openapi/spec",
			"Rev": "5bae59e25b21498baea7f9d46e9c147ec106a42e"
		},
		{
			"ImportPath": "github.com/go-openapi/strfmt",
			"Rev": "35fe47352985e13cc75f13120d70d26fd764ed51"
		},
		{
			"ImportPath": "github.com/go-openapi/swag",
			"Rev": "5899d5c5e619fda5fa86e14795a835f473ca284c"
		},
		{
			"ImportPath": "github.com/go-openapi/validate",
			"Rev": "d2eab7d93009e9215fc85b2faa2c2f2a98c2af48"
		},
		{
			"ImportPath": "github.com/gogo/protobuf/gogoproto",
			"Rev": "342cbe0a04158f6dcb03ca0079991a51a4248c02"
		},
		{
			"ImportPath": "github.com/gogo/protobuf/proto",
			"Rev": "342cbe0a04158f6dcb03ca0079991a51a4248c02"
		},
		{
			"ImportPath": "github.com/gogo/protobuf/protoc-gen-gogo/descriptor",
			"Rev": "342cbe0a04158f6dcb03ca0079991a51a4248c02"
		},
		{
			"ImportPath": "github.com/gogo/protobuf/sortkeys",
			"Rev": "342cbe0a04158f6dcb03ca0079991a51a4248c02"
		},
		{
			"ImportPath": "github.com/golang/groupcache/lru",
			"Rev": "02826c3e79038b59d737d3b1c0a1d937f71a4433"
		},
		{
			"ImportPath": "github.com/golang/protobuf/jsonpb",
			"Rev": "b4deda0973fb4c70b50d226b1af49f3da59f5265"
		},
		{
			"ImportPath": "github.com/golang/protobuf/proto",
			"Rev": "b4deda0973fb4c70b50d226b1af49f3da59f5265"
		},
		{
			"ImportPath": "github.com/golang/protobuf/ptypes",
			"Rev": "b4deda0973fb4c70b50d226b1af49f3da59f5265"
		},
		{
			"ImportPath": "github.com/golang/protobuf/ptypes/any",
			"Rev": "b4deda0973fb4c70b50d226b1af49f3da59f5265"
		},
		{
			"ImportPath": "github.com/golang/protobuf/ptypes/duration",
			"Rev": "b4deda0973fb4c70b50d226b1af49f3da59f5265"
		},
		{
			"ImportPath": "github.com/golang/protobuf/ptypes/struct",
			"Rev": "b4deda0973fb4c70b50d226b1af49f3da59f5265"
		},
		{
			"ImportPath": "github.com/golang/protobuf/ptypes/timestamp",
			"Rev": "b4deda0973fb4c70b50d226b1af49f3da59f5265"
		},
		{
			"ImportPath": "github.com/google/btree",
			"Rev": "7d79101e329e5a3adf994758c578dab82b90c017"
		},
		{
			"ImportPath": "github.com/google/gofuzz",
			"Rev": "44d81051d367757e1c7c6a5a86423ece9afcf63c"
		},
		{
			"ImportPath": "github.com/googleapis/gnostic/OpenAPIv2",
			"Rev": "0c5108395e2debce0d731cf0287ddf7242066aba"
		},
		{
			"ImportPath": "github.com/googleapis/gnostic/compiler",
			"Rev": "0c5108395e2debce0d731cf0287ddf7242066aba"
		},
		{
			"ImportPath": "github.com/googleapis/gnostic/extensions",
			"Rev": "0c5108395e2debce0d731cf0287ddf7242066aba"
		},
		{
			"ImportPath": "github.com/gorilla/websocket",
			"Rev": "4201258b820c74ac8e6922fc9e6b52f71fe46f8d"
		},
		{
			"ImportPath": "github.com/gregjones/httpcache",
			"Rev": "787624de3eb7bd915c329cba748687a3b22666a6"
		},
		{
			"ImportPath": "github.com/gregjones/httpcache/diskcache",
			"Rev": "787624de3eb7bd915c329cba748687a3b22666a6"
		},
		{
			"ImportPath": "github.com/grpc-ecosystem/go-grpc-middleware",
			"Rev": "498ae206fc3cfe81cd82e48c1d4354026fa5f9ec"
		},
		{
			"ImportPath": "github.com/grpc-ecosystem/go-grpc-prometheus",
			"Rev": "2500245aa6110c562d17020fb31a2c133d737799"
		},
		{
			"ImportPath": "github.com/grpc-ecosystem/grpc-gateway/runtime",
			"Rev": "8cc3a55af3bcf171a1c23a90c4df9cf591706104"
		},
		{
			"ImportPath": "github.com/grpc-ecosystem/grpc-gateway/runtime/internal",
			"Rev": "8cc3a55af3bcf171a1c23a90c4df9cf591706104"
		},
		{
			"ImportPath": "github.com/grpc-ecosystem/grpc-gateway/utilities",
			"Rev": "8cc3a55af3bcf171a1c23a90c4df9cf591706104"
		},
		{
			"ImportPath": "github.com/hashicorp/golang-lru",
			"Rev": "a0d98a5f288019575c6d1f4bb1573fef2d1fcdc4"
		},
		{
			"ImportPath": "github.com/hashicorp/golang-lru/simplelru",
			"Rev": "a0d98a5f288019575c6d1f4bb1573fef2d1fcdc4"
		},
		{
			"ImportPath": "github.com/imdario/mergo",
			"Rev": "9316a62528ac99aaecb4e47eadd6dc8aa6533d58"
		},
		{
			"ImportPath": "github.com/inconshreveable/mousetrap",
			"Rev": "76626ae9c91c4f2a10f34cad8ce83ea42c93bb75"
		},
		{
			"ImportPath": "github.com/jonboulle/clockwork",
			"Rev": "72f9bd7c4e0c2a40055ab3d0f09654f730cce982"
		},
		{
			"ImportPath": "github.com/json-iterator/go",
			"Rev": "ab8a2e0c74be9d3be70b3184d9acc634935ded82"
		},
		{
			"ImportPath": "github.com/mailru/easyjson/buffer",
			"Rev": "2f5df55504ebc322e4d52d34df6a1f5b503bf26d"
		},
		{
			"ImportPath": "github.com/mailru/easyjson/jlexer",
			"Rev": "2f5df55504ebc322e4d52d34df6a1f5b503bf26d"
		},
		{
			"ImportPath": "github.com/mailru/easyjson/jwriter",
			"Rev": "2f5df55504ebc322e4d52d34df6a1f5b503bf26d"
		},
		{
			"ImportPath": "github.com/matttproud/golang_protobuf_extensions/pbutil",
			"Rev": "c12348ce28de40eed0136aa2b644d0ee0650e56c"
		},
		{
			"ImportPath": "github.com/mitchellh/mapstructure",
			"Rev": "53818660ed4955e899c0bcafa97299a388bd7c8e"
		},
		{
			"ImportPath": "github.com/modern-go/concurrent",
			"Rev": "bacd9c7ef1dd9b15be4a9909b8ac7a4e313eec94"
		},
		{
			"ImportPath": "github.com/modern-go/reflect2",
			"Rev": "94122c33edd36123c84d5368cfb2b69df93a0ec8"
		},
		{
			"ImportPath": "github.com/pborman/uuid",
			"Rev": "ca53cad383cad2479bbba7f7a1a05797ec1386e4"
		},
		{
			"ImportPath": "github.com/peterbourgon/diskv",
			"Rev": "5f041e8faa004a95c88a202771f4cc3e991971e6"
		},
		{
			"ImportPath": "github.com/pmezard/go-difflib/difflib",
			"Rev": "d8ed2627bdf02c080bf22230dbb337003b7aba2d"
		},
		{
			"ImportPath": "github.com/prometheus/client_golang/prometheus",
			"Rev": "e7e903064f5e9eb5da98208bae10b475d4db0f8c"
		},
		{
			"ImportPath": "github.com/prometheus/client_golang/prometheus/promhttp",
			"Rev": "e7e903064f5e9eb5da98208bae10b475d4db0f8c"
		},
		{
			"ImportPath": "github.com/prometheus/client_model/go",
			"Rev": "fa8ad6fec33561be4280a8f0514318c79d7f6cb6"
		},
		{
			"ImportPath": "github.com/prometheus/common/expfmt",
			"Rev": "13ba4ddd0caa9c28ca7b7bffe1dfa9ed8d5ef207"
		},
		{
			"ImportPath": "github.com/prometheus/common/internal/bitbucket.org/ww/goautoneg",
			"Rev": "13ba4ddd0caa9c28ca7b7bffe1dfa9ed8d5ef207"
		},
		{
			"ImportPath": "github.com/prometheus/common/model",
			"Rev": "13ba4ddd0caa9c28ca7b7bffe1dfa9ed8d5ef207"
		},
		{
			"ImportPath": "github.com/prometheus/procfs",
			"Rev": "65c1f6f8f0fc1e2185eb9863a3bc751496404259"
		},
		{
			"ImportPath": "github.com/prometheus/procfs/xfs",
			"Rev": "65c1f6f8f0fc1e2185eb9863a3bc751496404259"
		},
		{
			"ImportPath": "github.com/sirupsen/logrus",
			"Rev": "89742aefa4b206dcf400792f3bd35b542998eb3b"
		},
		{
			"ImportPath": "github.com/soheilhy/cmux",
			"Rev": "bb79a83465015a27a175925ebd155e660f55e9f1"
		},
		{
			"ImportPath": "github.com/spf13/cobra",
			"Rev": "c439c4fa093711d42e1b01acb1235b52004753c1"
		},
		{
			"ImportPath": "github.com/spf13/pflag",
			"Rev": "583c0c0531f06d5278b7d917446061adc344b5cd"
		},
		{
			"ImportPath": "github.com/stretchr/testify/assert",
			"Rev": "c679ae2cc0cb27ec3293fea7e254e47386f05d69"
		},
		{
			"ImportPath": "github.com/stretchr/testify/require",
			"Rev": "c679ae2cc0cb27ec3293fea7e254e47386f05d69"
		},
		{
			"ImportPath": "github.com/tmc/grpc-websocket-proxy/wsproxy",
			"Rev": "89b8d40f7ca833297db804fcb3be53a76d01c238"
		},
		{
			"ImportPath": "github.com/ugorji/go/codec",
			"Rev": "bdcc60b419d136a85cdf2e7cbcac34b3f1cd6e57"
		},
		{
			"ImportPath": "github.com/xiang90/probing",
			"Rev": "07dd2e8dfe18522e9c447ba95f2fe95262f63bb2"
		},
		{
			"ImportPath": "go.uber.org/atomic",
			"Rev": "8dc6146f7569370a472715e178d8ae31172ee6da"
		},
		{
			"ImportPath": "go.uber.org/multierr",
			"Rev": "ddea229ff1dff9e6fe8a6c0344ac73b09e81fce5"
		},
		{
			"ImportPath": "go.uber.org/zap",
			"Rev": "67bc79d13d155c02fd008f721863ff8cc5f30659"
		},
		{
			"ImportPath": "go.uber.org/zap/buffer",
			"Rev": "67bc79d13d155c02fd008f721863ff8cc5f30659"
		},
		{
			"ImportPath": "go.uber.org/zap/internal/bufferpool",
			"Rev": "67bc79d13d155c02fd008f721863ff8cc5f30659"
		},
		{
			"ImportPath": "go.uber.org/zap/internal/color",
			"Rev": "67bc79d13d155c02fd008f721863ff8cc5f30659"
		},
		{
			"ImportPath": "go.uber.org/zap/internal/exit",
			"Rev": "67bc79d13d155c02fd008f721863ff8cc5f30659"
		},
		{
			"ImportPath": "go.uber.org/zap/zapcore",
			"Rev": "67bc79d13d155c02fd008f721863ff8cc5f30659"
		},
		{
			"ImportPath": "golang.org/x/crypto/bcrypt",
			"Rev": "de0752318171da717af4ce24d0a2e8626afaeb11"
		},
		{
			"ImportPath": "golang.org/x/crypto/blowfish",
			"Rev": "de0752318171da717af4ce24d0a2e8626afaeb11"
		},
		{
			"ImportPath": "golang.org/x/crypto/ssh/terminal",
			"Rev": "de0752318171da717af4ce24d0a2e8626afaeb11"
		},
		{
			"ImportPath": "golang.org/x/net/context",
			"Rev": "0ed95abb35c445290478a5348a7b38bb154135fd"
		},
		{
			"ImportPath": "golang.org/x/net/http2",
			"Rev": "0ed95abb35c445290478a5348a7b38bb154135fd"
		},
		{
			"ImportPath": "golang.org/x/net/http2/hpack",
			"Rev": "0ed95abb35c445290478a5348a7b38bb154135fd"
		},
		{
			"ImportPath": "golang.org/x/net/idna",
			"Rev": "0ed95abb35c445290478a5348a7b38bb154135fd"
		},
		{
			"ImportPath": "golang.org/x/net/internal/timeseries",
			"Rev": "0ed95abb35c445290478a5348a7b38bb154135fd"
		},
		{
			"ImportPath": "golang.org/x/net/lex/httplex",
			"Rev": "0ed95abb35c445290478a5348a7b38bb154135fd"
		},
		{
			"ImportPath": "golang.org/x/net/trace",
			"Rev": "0ed95abb35c445290478a5348a7b38bb154135fd"
		},
		{
			"ImportPath": "golang.org/x/net/websocket",
			"Rev": "0ed95abb35c445290478a5348a7b38bb154135fd"
		},
		{
			"ImportPath": "golang.org/x/oauth2",
			"Rev": "a6bd8cefa1811bd24b86f8902872e4e8225f74c4"
		},
		{
			"ImportPath": "golang.org/x/oauth2/internal",
			"Rev": "a6bd8cefa1811bd24b86f8902872e4e8225f74c4"
		},
		{
			"ImportPath": "golang.org/x/sys/unix",
			"Rev": "95c6576299259db960f6c5b9b69ea52422860fce"
		},
		{
			"ImportPath": "golang.org/x/sys/windows",
			"Rev": "95c6576299259db960f6c5b9b69ea52422860fce"
		},
		{
			"ImportPath": "golang.org/x/text/cases",
			"Rev": "b19bf474d317b857955b12035d2c5acb57ce8b01"
		},
		{
			"ImportPath": "golang.org/x/text/internal",
			"Rev": "b19bf474d317b857955b12035d2c5acb57ce8b01"
		},
		{
			"ImportPath": "golang.org/x/text/internal/tag",
			"Rev": "b19bf474d317b857955b12035d2c5acb57ce8b01"
		},
		{
			"ImportPath": "golang.org/x/text/language",
			"Rev": "b19bf474d317b857955b12035d2c5acb57ce8b01"
		},
		{
			"ImportPath": "golang.org/x/text/runes",
			"Rev": "b19bf474d317b857955b12035d2c5acb57ce8b01"
		},
		{
			"ImportPath": "golang.org/x/text/secure/bidirule",
			"Rev": "b19bf474d317b857955b12035d2c5acb57ce8b01"
		},
		{
			"ImportPath": "golang.org/x/text/secure/precis",
			"Rev": "b19bf474d317b857955b12035d2c5acb57ce8b01"
		},
		{
			"ImportPath": "golang.org/x/text/transform",
			"Rev": "b19bf474d317b857955b12035d2c5acb57ce8b01"
		},
		{
			"ImportPath": "golang.org/x/text/unicode/bidi",
			"Rev": "b19bf474d317b857955b12035d2c5acb57ce8b01"
		},
		{
			"ImportPath": "golang.org/x/text/unicode/norm",
			"Rev": "b19bf474d317b857955b12035d2c5acb57ce8b01"
		},
		{
			"ImportPath": "golang.org/x/text/width",
			"Rev": "b19bf474d317b857955b12035d2c5acb57ce8b01"
		},
		{
			"ImportPath": "golang.org/x/time/rate",
			"Rev": "f51c12702a4d776e4c1fa9b0fabab841babae631"
		},
		{
			"ImportPath": "google.golang.org/genproto/googleapis/rpc/status",
			"Rev": "09f6ed296fc66555a25fe4ce95173148778dfa85"
		},
		{
			"ImportPath": "google.golang.org/grpc",
			"Rev": "168a6198bcb0ef175f7dacec0b8691fc141dc9b8"
		},
		{
			"ImportPath": "google.golang.org/grpc/balancer",
			"Rev": "168a6198bcb0ef175f7dacec0b8691fc141dc9b8"
		},
		{
			"ImportPath": "google.golang.org/grpc/balancer/base",
			"Rev": "168a6198bcb0ef175f7dacec0b8691fc141dc9b8"
		},
		{
			"ImportPath": "google.golang.org/grpc/balancer/roundrobin",
			"Rev": "168a6198bcb0ef175f7dacec0b8691fc141dc9b8"
		},
		{
			"ImportPath": "google.golang.org/grpc/codes",
			"Rev": "168a6198bcb0ef175f7dacec0b8691fc141dc9b8"
		},
		{
			"ImportPath": "google.golang.org/grpc/connectivity",
			"Rev": "168a6198bcb0ef175f7dacec0b8691fc141dc9b8"
		},
		{
			"ImportPath": "google.golang.org/grpc/credentials",
			"Rev": "168a6198bcb0ef175f7dacec0b8691fc141dc9b8"
		},
		{
			"ImportPath": "google.golang.org/grpc/encoding",
			"Rev": "168a6198bcb0ef175f7dacec0b8691fc141dc9b8"
		},
		{
			"ImportPath": "google.golang.org/grpc/encoding/proto",
			"Rev": "168a6198bcb0ef175f7dacec0b8691fc141dc9b8"
		},
		{
			"ImportPath": "google.golang.org/grpc/grpclog",
			"Rev": "168a6198bcb0ef175f7dacec0b8691fc141dc9b8"
		},
		{
			"ImportPath": "google.golang.org/grpc/health",
			"Rev": "168a6198bcb0ef175f7dacec0b8691fc141dc9b8"
		},
		{
			"ImportPath": "google.golang.org/grpc/health/grpc_health_v1",
			"Rev": "168a6198bcb0ef175f7dacec0b8691fc141dc9b8"
		},
		{
			"ImportPath": "google.golang.org/grpc/internal",
			"Rev": "168a6198bcb0ef175f7dacec0b8691fc141dc9b8"
		},
		{
			"ImportPath": "google.golang.org/grpc/internal/backoff",
			"Rev": "168a6198bcb0ef175f7dacec0b8691fc141dc9b8"
		},
		{
			"ImportPath": "google.golang.org/grpc/internal/channelz",
			"Rev": "168a6198bcb0ef175f7dacec0b8691fc141dc9b8"
		},
		{
			"ImportPath": "google.golang.org/grpc/internal/grpcrand",
			"Rev": "168a6198bcb0ef175f7dacec0b8691fc141dc9b8"
		},
		{
			"ImportPath": "google.golang.org/grpc/keepalive",
			"Rev": "168a6198bcb0ef175f7dacec0b8691fc141dc9b8"
		},
		{
			"ImportPath": "google.golang.org/grpc/metadata",
			"Rev": "168a6198bcb0ef175f7dacec0b8691fc141dc9b8"
		},
		{
			"ImportPath": "google.golang.org/grpc/naming",
			"Rev": "168a6198bcb0ef175f7dacec0b8691fc141dc9b8"
		},
		{
			"ImportPath": "google.golang.org/grpc/peer",
			"Rev": "168a6198bcb0ef175f7dacec0b8691fc141dc9b8"
		},
		{
			"ImportPath": "google.golang.org/grpc/resolver",
			"Rev": "168a6198bcb0ef175f7dacec0b8691fc141dc9b8"
		},
		{
			"ImportPath": "google.golang.org/grpc/resolver/dns",
			"Rev": "168a6198bcb0ef175f7dacec0b8691fc141dc9b8"
		},
		{
			"ImportPath": "google.golang.org/grpc/resolver/passthrough",
			"Rev": "168a6198bcb0ef175f7dacec0b8691fc141dc9b8"
		},
		{
			"ImportPath": "google.golang.org/grpc/stats",
			"Rev": "168a6198bcb0ef175f7dacec0b8691fc141dc9b8"
		},
		{
			"ImportPath": "google.golang.org/grpc/status",
			"Rev": "168a6198bcb0ef175f7dacec0b8691fc141dc9b8"
		},
		{
			"ImportPath": "google.golang.org/grpc/tap",
			"Rev": "168a6198bcb0ef175f7dacec0b8691fc141dc9b8"
		},
		{
			"ImportPath": "google.golang.org/grpc/transport",
			"Rev": "168a6198bcb0ef175f7dacec0b8691fc141dc9b8"
		},
		{
			"ImportPath": "gopkg.in/inf.v0",
			"Rev": "3887ee99ecf07df5b447e9b00d9c0b2adaa9f3e4"
		},
		{
			"ImportPath": "gopkg.in/natefinch/lumberjack.v2",
			"Rev": "20b71e5b60d756d3d2f80def009790325acc2b23"
		},
		{
			"ImportPath": "gopkg.in/yaml.v2",
			"Rev": "5420a8b6744d3b0345ab293f6fcba19c978f1183"
		},
		{
			"ImportPath": "k8s.io/api/admission/v1beta1",
			"Rev": "05914d821849570fba9eacfb29466f2d8d3cd229"
		},
		{
			"ImportPath": "k8s.io/api/admissionregistration/v1alpha1",
			"Rev": "05914d821849570fba9eacfb29466f2d8d3cd229"
		},
		{
			"ImportPath": "k8s.io/api/admissionregistration/v1beta1",
			"Rev": "05914d821849570fba9eacfb29466f2d8d3cd229"
		},
		{
			"ImportPath": "k8s.io/api/apps/v1",
			"Rev": "05914d821849570fba9eacfb29466f2d8d3cd229"
		},
		{
			"ImportPath": "k8s.io/api/apps/v1beta1",
			"Rev": "05914d821849570fba9eacfb29466f2d8d3cd229"
		},
		{
			"ImportPath": "k8s.io/api/apps/v1beta2",
			"Rev": "05914d821849570fba9eacfb29466f2d8d3cd229"
		},
		{
			"ImportPath": "k8s.io/api/auditregistration/v1alpha1",
			"Rev": "05914d821849570fba9eacfb29466f2d8d3cd229"
		},
		{
			"ImportPath": "k8s.io/api/authentication/v1",
			"Rev": "05914d821849570fba9eacfb29466f2d8d3cd229"
		},
		{
			"ImportPath": "k8s.io/api/authentication/v1beta1",
			"Rev": "05914d821849570fba9eacfb29466f2d8d3cd229"
		},
		{
			"ImportPath": "k8s.io/api/authorization/v1",
			"Rev": "05914d821849570fba9eacfb29466f2d8d3cd229"
		},
		{
			"ImportPath": "k8s.io/api/authorization/v1beta1",
			"Rev": "05914d821849570fba9eacfb29466f2d8d3cd229"
		},
		{
			"ImportPath": "k8s.io/api/autoscaling/v1",
			"Rev": "05914d821849570fba9eacfb29466f2d8d3cd229"
		},
		{
			"ImportPath": "k8s.io/api/autoscaling/v2beta1",
			"Rev": "05914d821849570fba9eacfb29466f2d8d3cd229"
		},
		{
			"ImportPath": "k8s.io/api/autoscaling/v2beta2",
			"Rev": "05914d821849570fba9eacfb29466f2d8d3cd229"
		},
		{
			"ImportPath": "k8s.io/api/batch/v1",
			"Rev": "05914d821849570fba9eacfb29466f2d8d3cd229"
		},
		{
			"ImportPath": "k8s.io/api/batch/v1beta1",
			"Rev": "05914d821849570fba9eacfb29466f2d8d3cd229"
		},
		{
			"ImportPath": "k8s.io/api/batch/v2alpha1",
			"Rev": "05914d821849570fba9eacfb29466f2d8d3cd229"
		},
		{
			"ImportPath": "k8s.io/api/certificates/v1beta1",
			"Rev": "05914d821849570fba9eacfb29466f2d8d3cd229"
		},
		{
			"ImportPath": "k8s.io/api/coordination/v1beta1",
			"Rev": "05914d821849570fba9eacfb29466f2d8d3cd229"
		},
		{
			"ImportPath": "k8s.io/api/core/v1",
			"Rev": "05914d821849570fba9eacfb29466f2d8d3cd229"
		},
		{
			"ImportPath": "k8s.io/api/events/v1beta1",
			"Rev": "05914d821849570fba9eacfb29466f2d8d3cd229"
		},
		{
			"ImportPath": "k8s.io/api/extensions/v1beta1",
			"Rev": "05914d821849570fba9eacfb29466f2d8d3cd229"
		},
		{
			"ImportPath": "k8s.io/api/networking/v1",
			"Rev": "05914d821849570fba9eacfb29466f2d8d3cd229"
		},
		{
			"ImportPath": "k8s.io/api/policy/v1beta1",
			"Rev": "05914d821849570fba9eacfb29466f2d8d3cd229"
		},
		{
			"ImportPath": "k8s.io/api/rbac/v1",
			"Rev": "05914d821849570fba9eacfb29466f2d8d3cd229"
		},
		{
			"ImportPath": "k8s.io/api/rbac/v1alpha1",
			"Rev": "05914d821849570fba9eacfb29466f2d8d3cd229"
		},
		{
			"ImportPath": "k8s.io/api/rbac/v1beta1",
			"Rev": "05914d821849570fba9eacfb29466f2d8d3cd229"
		},
		{
			"ImportPath": "k8s.io/api/scheduling/v1alpha1",
			"Rev": "05914d821849570fba9eacfb29466f2d8d3cd229"
		},
		{
			"ImportPath": "k8s.io/api/scheduling/v1beta1",
			"Rev": "05914d821849570fba9eacfb29466f2d8d3cd229"
		},
		{
			"ImportPath": "k8s.io/api/settings/v1alpha1",
			"Rev": "05914d821849570fba9eacfb29466f2d8d3cd229"
		},
		{
			"ImportPath": "k8s.io/api/storage/v1",
			"Rev": "05914d821849570fba9eacfb29466f2d8d3cd229"
		},
		{
			"ImportPath": "k8s.io/api/storage/v1alpha1",
			"Rev": "05914d821849570fba9eacfb29466f2d8d3cd229"
		},
		{
			"ImportPath": "k8s.io/api/storage/v1beta1",
			"Rev": "05914d821849570fba9eacfb29466f2d8d3cd229"
		},
		{
			"ImportPath": "k8s.io/apimachinery/pkg/api/apitesting",
			"Rev": "2b1284ed4c93a43499e781493253e2ac5959c4fd"
		},
		{
			"ImportPath": "k8s.io/apimachinery/pkg/api/apitesting/fuzzer",
			"Rev": "2b1284ed4c93a43499e781493253e2ac5959c4fd"
		},
		{
			"ImportPath": "k8s.io/apimachinery/pkg/api/apitesting/roundtrip",
			"Rev": "2b1284ed4c93a43499e781493253e2ac5959c4fd"
		},
		{
			"ImportPath": "k8s.io/apimachinery/pkg/api/equality",
			"Rev": "2b1284ed4c93a43499e781493253e2ac5959c4fd"
		},
		{
			"ImportPath": "k8s.io/apimachinery/pkg/api/errors",
			"Rev": "2b1284ed4c93a43499e781493253e2ac5959c4fd"
		},
		{
			"ImportPath": "k8s.io/apimachinery/pkg/api/meta",
			"Rev": "2b1284ed4c93a43499e781493253e2ac5959c4fd"
		},
		{
			"ImportPath": "k8s.io/apimachinery/pkg/api/meta/table",
			"Rev": "2b1284ed4c93a43499e781493253e2ac5959c4fd"
		},
		{
			"ImportPath": "k8s.io/apimachinery/pkg/api/resource",
			"Rev": "2b1284ed4c93a43499e781493253e2ac5959c4fd"
		},
		{
			"ImportPath": "k8s.io/apimachinery/pkg/api/validation",
			"Rev": "2b1284ed4c93a43499e781493253e2ac5959c4fd"
		},
		{
			"ImportPath": "k8s.io/apimachinery/pkg/api/validation/path",
			"Rev": "2b1284ed4c93a43499e781493253e2ac5959c4fd"
		},
		{
			"ImportPath": "k8s.io/apimachinery/pkg/apis/meta/fuzzer",
			"Rev": "2b1284ed4c93a43499e781493253e2ac5959c4fd"
		},
		{
			"ImportPath": "k8s.io/apimachinery/pkg/apis/meta/internalversion",
			"Rev": "2b1284ed4c93a43499e781493253e2ac5959c4fd"
		},
		{
			"ImportPath": "k8s.io/apimachinery/pkg/apis/meta/v1",
			"Rev": "2b1284ed4c93a43499e781493253e2ac5959c4fd"
		},
		{
			"ImportPath": "k8s.io/apimachinery/pkg/apis/meta/v1/unstructured",
			"Rev": "2b1284ed4c93a43499e781493253e2ac5959c4fd"
		},
		{
			"ImportPath": "k8s.io/apimachinery/pkg/apis/meta/v1/validation",
			"Rev": "2b1284ed4c93a43499e781493253e2ac5959c4fd"
		},
		{
			"ImportPath": "k8s.io/apimachinery/pkg/apis/meta/v1beta1",
			"Rev": "2b1284ed4c93a43499e781493253e2ac5959c4fd"
		},
		{
			"ImportPath": "k8s.io/apimachinery/pkg/conversion",
			"Rev": "2b1284ed4c93a43499e781493253e2ac5959c4fd"
		},
		{
			"ImportPath": "k8s.io/apimachinery/pkg/conversion/queryparams",
			"Rev": "2b1284ed4c93a43499e781493253e2ac5959c4fd"
		},
		{
			"ImportPath": "k8s.io/apimachinery/pkg/fields",
			"Rev": "2b1284ed4c93a43499e781493253e2ac5959c4fd"
		},
		{
			"ImportPath": "k8s.io/apimachinery/pkg/labels",
			"Rev": "2b1284ed4c93a43499e781493253e2ac5959c4fd"
		},
		{
			"ImportPath": "k8s.io/apimachinery/pkg/runtime",
			"Rev": "2b1284ed4c93a43499e781493253e2ac5959c4fd"
		},
		{
			"ImportPath": "k8s.io/apimachinery/pkg/runtime/schema",
			"Rev": "2b1284ed4c93a43499e781493253e2ac5959c4fd"
		},
		{
			"ImportPath": "k8s.io/apimachinery/pkg/runtime/serializer",
			"Rev": "2b1284ed4c93a43499e781493253e2ac5959c4fd"
		},
		{
			"ImportPath": "k8s.io/apimachinery/pkg/runtime/serializer/json",
			"Rev": "2b1284ed4c93a43499e781493253e2ac5959c4fd"
		},
		{
			"ImportPath": "k8s.io/apimachinery/pkg/runtime/serializer/protobuf",
			"Rev": "2b1284ed4c93a43499e781493253e2ac5959c4fd"
		},
		{
			"ImportPath": "k8s.io/apimachinery/pkg/runtime/serializer/recognizer",
			"Rev": "2b1284ed4c93a43499e781493253e2ac5959c4fd"
		},
		{
			"ImportPath": "k8s.io/apimachinery/pkg/runtime/serializer/streaming",
			"Rev": "2b1284ed4c93a43499e781493253e2ac5959c4fd"
		},
		{
			"ImportPath": "k8s.io/apimachinery/pkg/runtime/serializer/versioning",
			"Rev": "2b1284ed4c93a43499e781493253e2ac5959c4fd"
		},
		{
			"ImportPath": "k8s.io/apimachinery/pkg/selection",
			"Rev": "2b1284ed4c93a43499e781493253e2ac5959c4fd"
		},
		{
			"ImportPath": "k8s.io/apimachinery/pkg/types",
			"Rev": "2b1284ed4c93a43499e781493253e2ac5959c4fd"
		},
		{
			"ImportPath": "k8s.io/apimachinery/pkg/util/cache",
			"Rev": "2b1284ed4c93a43499e781493253e2ac5959c4fd"
		},
		{
			"ImportPath": "k8s.io/apimachinery/pkg/util/clock",
			"Rev": "2b1284ed4c93a43499e781493253e2ac5959c4fd"
		},
		{
			"ImportPath": "k8s.io/apimachinery/pkg/util/diff",
			"Rev": "2b1284ed4c93a43499e781493253e2ac5959c4fd"
		},
		{
			"ImportPath": "k8s.io/apimachinery/pkg/util/duration",
			"Rev": "2b1284ed4c93a43499e781493253e2ac5959c4fd"
		},
		{
			"ImportPath": "k8s.io/apimachinery/pkg/util/errors",
			"Rev": "2b1284ed4c93a43499e781493253e2ac5959c4fd"
		},
		{
			"ImportPath": "k8s.io/apimachinery/pkg/util/framer",
			"Rev": "2b1284ed4c93a43499e781493253e2ac5959c4fd"
		},
		{
			"ImportPath": "k8s.io/apimachinery/pkg/util/intstr",
			"Rev": "2b1284ed4c93a43499e781493253e2ac5959c4fd"
		},
		{
			"ImportPath": "k8s.io/apimachinery/pkg/util/json",
			"Rev": "2b1284ed4c93a43499e781493253e2ac5959c4fd"
		},
		{
			"ImportPath": "k8s.io/apimachinery/pkg/util/mergepatch",
			"Rev": "2b1284ed4c93a43499e781493253e2ac5959c4fd"
		},
		{
			"ImportPath": "k8s.io/apimachinery/pkg/util/naming",
			"Rev": "2b1284ed4c93a43499e781493253e2ac5959c4fd"
		},
		{
			"ImportPath": "k8s.io/apimachinery/pkg/util/net",
			"Rev": "2b1284ed4c93a43499e781493253e2ac5959c4fd"
		},
		{
			"ImportPath": "k8s.io/apimachinery/pkg/util/rand",
			"Rev": "2b1284ed4c93a43499e781493253e2ac5959c4fd"
		},
		{
			"ImportPath": "k8s.io/apimachinery/pkg/util/runtime",
			"Rev": "2b1284ed4c93a43499e781493253e2ac5959c4fd"
		},
		{
			"ImportPath": "k8s.io/apimachinery/pkg/util/sets",
			"Rev": "2b1284ed4c93a43499e781493253e2ac5959c4fd"
		},
		{
			"ImportPath": "k8s.io/apimachinery/pkg/util/strategicpatch",
			"Rev": "2b1284ed4c93a43499e781493253e2ac5959c4fd"
		},
		{
			"ImportPath": "k8s.io/apimachinery/pkg/util/uuid",
			"Rev": "2b1284ed4c93a43499e781493253e2ac5959c4fd"
		},
		{
			"ImportPath": "k8s.io/apimachinery/pkg/util/validation",
			"Rev": "2b1284ed4c93a43499e781493253e2ac5959c4fd"
		},
		{
			"ImportPath": "k8s.io/apimachinery/pkg/util/validation/field",
			"Rev": "2b1284ed4c93a43499e781493253e2ac5959c4fd"
		},
		{
			"ImportPath": "k8s.io/apimachinery/pkg/util/wait",
			"Rev": "2b1284ed4c93a43499e781493253e2ac5959c4fd"
		},
		{
			"ImportPath": "k8s.io/apimachinery/pkg/util/waitgroup",
			"Rev": "2b1284ed4c93a43499e781493253e2ac5959c4fd"
		},
		{
			"ImportPath": "k8s.io/apimachinery/pkg/util/yaml",
			"Rev": "2b1284ed4c93a43499e781493253e2ac5959c4fd"
		},
		{
			"ImportPath": "k8s.io/apimachinery/pkg/version",
			"Rev": "2b1284ed4c93a43499e781493253e2ac5959c4fd"
		},
		{
			"ImportPath": "k8s.io/apimachinery/pkg/watch",
			"Rev": "2b1284ed4c93a43499e781493253e2ac5959c4fd"
		},
		{
			"ImportPath": "k8s.io/apimachinery/third_party/forked/golang/json",
			"Rev": "2b1284ed4c93a43499e781493253e2ac5959c4fd"
		},
		{
			"ImportPath": "k8s.io/apimachinery/third_party/forked/golang/reflect",
			"Rev": "2b1284ed4c93a43499e781493253e2ac5959c4fd"
		},
		{
			"ImportPath": "k8s.io/apiserver/pkg/admission",
			"Rev": "3ccfe8365421eb08e334b195786a2973460741d8"
		},
		{
			"ImportPath": "k8s.io/apiserver/pkg/admission/configuration",
			"Rev": "3ccfe8365421eb08e334b195786a2973460741d8"
		},
		{
			"ImportPath": "k8s.io/apiserver/pkg/admission/initializer",
			"Rev": "3ccfe8365421eb08e334b195786a2973460741d8"
		},
		{
			"ImportPath": "k8s.io/apiserver/pkg/admission/metrics",
			"Rev": "3ccfe8365421eb08e334b195786a2973460741d8"
		},
		{
			"ImportPath": "k8s.io/apiserver/pkg/admission/plugin/initialization",
			"Rev": "3ccfe8365421eb08e334b195786a2973460741d8"
		},
		{
			"ImportPath": "k8s.io/apiserver/pkg/admission/plugin/namespace/lifecycle",
			"Rev": "3ccfe8365421eb08e334b195786a2973460741d8"
		},
		{
			"ImportPath": "k8s.io/apiserver/pkg/admission/plugin/webhook/config",
			"Rev": "3ccfe8365421eb08e334b195786a2973460741d8"
		},
		{
			"ImportPath": "k8s.io/apiserver/pkg/admission/plugin/webhook/config/apis/webhookadmission",
			"Rev": "3ccfe8365421eb08e334b195786a2973460741d8"
		},
		{
			"ImportPath": "k8s.io/apiserver/pkg/admission/plugin/webhook/config/apis/webhookadmission/v1alpha1",
			"Rev": "3ccfe8365421eb08e334b195786a2973460741d8"
		},
		{
			"ImportPath": "k8s.io/apiserver/pkg/admission/plugin/webhook/errors",
			"Rev": "3ccfe8365421eb08e334b195786a2973460741d8"
		},
		{
			"ImportPath": "k8s.io/apiserver/pkg/admission/plugin/webhook/generic",
			"Rev": "3ccfe8365421eb08e334b195786a2973460741d8"
		},
		{
			"ImportPath": "k8s.io/apiserver/pkg/admission/plugin/webhook/mutating",
			"Rev": "3ccfe8365421eb08e334b195786a2973460741d8"
		},
		{
			"ImportPath": "k8s.io/apiserver/pkg/admission/plugin/webhook/namespace",
			"Rev": "3ccfe8365421eb08e334b195786a2973460741d8"
		},
		{
			"ImportPath": "k8s.io/apiserver/pkg/admission/plugin/webhook/request",
			"Rev": "3ccfe8365421eb08e334b195786a2973460741d8"
		},
		{
			"ImportPath": "k8s.io/apiserver/pkg/admission/plugin/webhook/rules",
			"Rev": "3ccfe8365421eb08e334b195786a2973460741d8"
		},
		{
			"ImportPath": "k8s.io/apiserver/pkg/admission/plugin/webhook/util",
			"Rev": "3ccfe8365421eb08e334b195786a2973460741d8"
		},
		{
			"ImportPath": "k8s.io/apiserver/pkg/admission/plugin/webhook/validating",
			"Rev": "3ccfe8365421eb08e334b195786a2973460741d8"
		},
		{
			"ImportPath": "k8s.io/apiserver/pkg/apis/apiserver",
			"Rev": "3ccfe8365421eb08e334b195786a2973460741d8"
		},
		{
			"ImportPath": "k8s.io/apiserver/pkg/apis/apiserver/install",
			"Rev": "3ccfe8365421eb08e334b195786a2973460741d8"
		},
		{
			"ImportPath": "k8s.io/apiserver/pkg/apis/apiserver/v1alpha1",
			"Rev": "3ccfe8365421eb08e334b195786a2973460741d8"
		},
		{
			"ImportPath": "k8s.io/apiserver/pkg/apis/audit",
			"Rev": "3ccfe8365421eb08e334b195786a2973460741d8"
		},
		{
			"ImportPath": "k8s.io/apiserver/pkg/apis/audit/install",
			"Rev": "3ccfe8365421eb08e334b195786a2973460741d8"
		},
		{
			"ImportPath": "k8s.io/apiserver/pkg/apis/audit/v1",
			"Rev": "3ccfe8365421eb08e334b195786a2973460741d8"
		},
		{
			"ImportPath": "k8s.io/apiserver/pkg/apis/audit/v1alpha1",
			"Rev": "3ccfe8365421eb08e334b195786a2973460741d8"
		},
		{
			"ImportPath": "k8s.io/apiserver/pkg/apis/audit/v1beta1",
			"Rev": "3ccfe8365421eb08e334b195786a2973460741d8"
		},
		{
			"ImportPath": "k8s.io/apiserver/pkg/apis/audit/validation",
			"Rev": "3ccfe8365421eb08e334b195786a2973460741d8"
		},
		{
			"ImportPath": "k8s.io/apiserver/pkg/audit",
			"Rev": "3ccfe8365421eb08e334b195786a2973460741d8"
		},
		{
			"ImportPath": "k8s.io/apiserver/pkg/audit/event",
			"Rev": "3ccfe8365421eb08e334b195786a2973460741d8"
		},
		{
			"ImportPath": "k8s.io/apiserver/pkg/audit/policy",
			"Rev": "3ccfe8365421eb08e334b195786a2973460741d8"
		},
		{
			"ImportPath": "k8s.io/apiserver/pkg/audit/util",
			"Rev": "3ccfe8365421eb08e334b195786a2973460741d8"
		},
		{
			"ImportPath": "k8s.io/apiserver/pkg/authentication/authenticator",
			"Rev": "3ccfe8365421eb08e334b195786a2973460741d8"
		},
		{
			"ImportPath": "k8s.io/apiserver/pkg/authentication/authenticatorfactory",
			"Rev": "3ccfe8365421eb08e334b195786a2973460741d8"
		},
		{
			"ImportPath": "k8s.io/apiserver/pkg/authentication/group",
			"Rev": "3ccfe8365421eb08e334b195786a2973460741d8"
		},
		{
			"ImportPath": "k8s.io/apiserver/pkg/authentication/request/anonymous",
			"Rev": "3ccfe8365421eb08e334b195786a2973460741d8"
		},
		{
			"ImportPath": "k8s.io/apiserver/pkg/authentication/request/bearertoken",
			"Rev": "3ccfe8365421eb08e334b195786a2973460741d8"
		},
		{
			"ImportPath": "k8s.io/apiserver/pkg/authentication/request/headerrequest",
			"Rev": "3ccfe8365421eb08e334b195786a2973460741d8"
		},
		{
			"ImportPath": "k8s.io/apiserver/pkg/authentication/request/union",
			"Rev": "3ccfe8365421eb08e334b195786a2973460741d8"
		},
		{
			"ImportPath": "k8s.io/apiserver/pkg/authentication/request/websocket",
			"Rev": "3ccfe8365421eb08e334b195786a2973460741d8"
		},
		{
			"ImportPath": "k8s.io/apiserver/pkg/authentication/request/x509",
			"Rev": "3ccfe8365421eb08e334b195786a2973460741d8"
		},
		{
			"ImportPath": "k8s.io/apiserver/pkg/authentication/serviceaccount",
			"Rev": "3ccfe8365421eb08e334b195786a2973460741d8"
		},
		{
			"ImportPath": "k8s.io/apiserver/pkg/authentication/token/cache",
			"Rev": "3ccfe8365421eb08e334b195786a2973460741d8"
		},
		{
			"ImportPath": "k8s.io/apiserver/pkg/authentication/token/tokenfile",
			"Rev": "3ccfe8365421eb08e334b195786a2973460741d8"
		},
		{
			"ImportPath": "k8s.io/apiserver/pkg/authentication/user",
			"Rev": "3ccfe8365421eb08e334b195786a2973460741d8"
		},
		{
			"ImportPath": "k8s.io/apiserver/pkg/authorization/authorizer",
			"Rev": "3ccfe8365421eb08e334b195786a2973460741d8"
		},
		{
			"ImportPath": "k8s.io/apiserver/pkg/authorization/authorizerfactory",
			"Rev": "3ccfe8365421eb08e334b195786a2973460741d8"
		},
		{
			"ImportPath": "k8s.io/apiserver/pkg/authorization/path",
			"Rev": "3ccfe8365421eb08e334b195786a2973460741d8"
		},
		{
			"ImportPath": "k8s.io/apiserver/pkg/authorization/union",
			"Rev": "3ccfe8365421eb08e334b195786a2973460741d8"
		},
		{
			"ImportPath": "k8s.io/apiserver/pkg/endpoints",
			"Rev": "3ccfe8365421eb08e334b195786a2973460741d8"
		},
		{
			"ImportPath": "k8s.io/apiserver/pkg/endpoints/discovery",
			"Rev": "3ccfe8365421eb08e334b195786a2973460741d8"
		},
		{
			"ImportPath": "k8s.io/apiserver/pkg/endpoints/filters",
			"Rev": "3ccfe8365421eb08e334b195786a2973460741d8"
		},
		{
			"ImportPath": "k8s.io/apiserver/pkg/endpoints/handlers",
			"Rev": "3ccfe8365421eb08e334b195786a2973460741d8"
		},
		{
			"ImportPath": "k8s.io/apiserver/pkg/endpoints/handlers/negotiation",
			"Rev": "3ccfe8365421eb08e334b195786a2973460741d8"
		},
		{
			"ImportPath": "k8s.io/apiserver/pkg/endpoints/handlers/responsewriters",
			"Rev": "3ccfe8365421eb08e334b195786a2973460741d8"
		},
		{
			"ImportPath": "k8s.io/apiserver/pkg/endpoints/metrics",
			"Rev": "3ccfe8365421eb08e334b195786a2973460741d8"
		},
		{
			"ImportPath": "k8s.io/apiserver/pkg/endpoints/openapi",
			"Rev": "3ccfe8365421eb08e334b195786a2973460741d8"
		},
		{
			"ImportPath": "k8s.io/apiserver/pkg/endpoints/request",
			"Rev": "3ccfe8365421eb08e334b195786a2973460741d8"
		},
		{
			"ImportPath": "k8s.io/apiserver/pkg/features",
			"Rev": "3ccfe8365421eb08e334b195786a2973460741d8"
		},
		{
			"ImportPath": "k8s.io/apiserver/pkg/registry/generic",
			"Rev": "3ccfe8365421eb08e334b195786a2973460741d8"
		},
		{
			"ImportPath": "k8s.io/apiserver/pkg/registry/generic/registry",
			"Rev": "3ccfe8365421eb08e334b195786a2973460741d8"
		},
		{
			"ImportPath": "k8s.io/apiserver/pkg/registry/generic/testing",
			"Rev": "3ccfe8365421eb08e334b195786a2973460741d8"
		},
		{
			"ImportPath": "k8s.io/apiserver/pkg/registry/rest",
			"Rev": "3ccfe8365421eb08e334b195786a2973460741d8"
		},
		{
			"ImportPath": "k8s.io/apiserver/pkg/registry/rest/resttest",
			"Rev": "3ccfe8365421eb08e334b195786a2973460741d8"
		},
		{
			"ImportPath": "k8s.io/apiserver/pkg/server",
			"Rev": "3ccfe8365421eb08e334b195786a2973460741d8"
		},
		{
			"ImportPath": "k8s.io/apiserver/pkg/server/filters",
			"Rev": "3ccfe8365421eb08e334b195786a2973460741d8"
		},
		{
			"ImportPath": "k8s.io/apiserver/pkg/server/healthz",
			"Rev": "3ccfe8365421eb08e334b195786a2973460741d8"
		},
		{
			"ImportPath": "k8s.io/apiserver/pkg/server/httplog",
			"Rev": "3ccfe8365421eb08e334b195786a2973460741d8"
		},
		{
			"ImportPath": "k8s.io/apiserver/pkg/server/mux",
			"Rev": "3ccfe8365421eb08e334b195786a2973460741d8"
		},
		{
			"ImportPath": "k8s.io/apiserver/pkg/server/options",
			"Rev": "3ccfe8365421eb08e334b195786a2973460741d8"
		},
		{
			"ImportPath": "k8s.io/apiserver/pkg/server/resourceconfig",
			"Rev": "3ccfe8365421eb08e334b195786a2973460741d8"
		},
		{
			"ImportPath": "k8s.io/apiserver/pkg/server/routes",
			"Rev": "3ccfe8365421eb08e334b195786a2973460741d8"
		},
		{
			"ImportPath": "k8s.io/apiserver/pkg/server/routes/data/swagger",
			"Rev": "3ccfe8365421eb08e334b195786a2973460741d8"
		},
		{
			"ImportPath": "k8s.io/apiserver/pkg/server/storage",
			"Rev": "3ccfe8365421eb08e334b195786a2973460741d8"
		},
		{
			"ImportPath": "k8s.io/apiserver/pkg/storage",
			"Rev": "3ccfe8365421eb08e334b195786a2973460741d8"
		},
		{
			"ImportPath": "k8s.io/apiserver/pkg/storage/cacher",
			"Rev": "3ccfe8365421eb08e334b195786a2973460741d8"
		},
		{
			"ImportPath": "k8s.io/apiserver/pkg/storage/errors",
			"Rev": "3ccfe8365421eb08e334b195786a2973460741d8"
		},
		{
			"ImportPath": "k8s.io/apiserver/pkg/storage/etcd",
			"Rev": "3ccfe8365421eb08e334b195786a2973460741d8"
		},
		{
			"ImportPath": "k8s.io/apiserver/pkg/storage/etcd/etcdtest",
			"Rev": "3ccfe8365421eb08e334b195786a2973460741d8"
		},
		{
			"ImportPath": "k8s.io/apiserver/pkg/storage/etcd/metrics",
			"Rev": "3ccfe8365421eb08e334b195786a2973460741d8"
		},
		{
			"ImportPath": "k8s.io/apiserver/pkg/storage/etcd/testing",
			"Rev": "3ccfe8365421eb08e334b195786a2973460741d8"
		},
		{
			"ImportPath": "k8s.io/apiserver/pkg/storage/etcd/testing/testingcert",
			"Rev": "3ccfe8365421eb08e334b195786a2973460741d8"
		},
		{
			"ImportPath": "k8s.io/apiserver/pkg/storage/etcd3",
			"Rev": "3ccfe8365421eb08e334b195786a2973460741d8"
		},
		{
			"ImportPath": "k8s.io/apiserver/pkg/storage/names",
			"Rev": "3ccfe8365421eb08e334b195786a2973460741d8"
		},
		{
			"ImportPath": "k8s.io/apiserver/pkg/storage/storagebackend",
			"Rev": "3ccfe8365421eb08e334b195786a2973460741d8"
		},
		{
			"ImportPath": "k8s.io/apiserver/pkg/storage/storagebackend/factory",
			"Rev": "3ccfe8365421eb08e334b195786a2973460741d8"
		},
		{
			"ImportPath": "k8s.io/apiserver/pkg/storage/testing",
			"Rev": "3ccfe8365421eb08e334b195786a2973460741d8"
		},
		{
			"ImportPath": "k8s.io/apiserver/pkg/storage/value",
			"Rev": "3ccfe8365421eb08e334b195786a2973460741d8"
		},
		{
			"ImportPath": "k8s.io/apiserver/pkg/util/dryrun",
			"Rev": "3ccfe8365421eb08e334b195786a2973460741d8"
		},
		{
			"ImportPath": "k8s.io/apiserver/pkg/util/feature",
			"Rev": "3ccfe8365421eb08e334b195786a2973460741d8"
		},
		{
			"ImportPath": "k8s.io/apiserver/pkg/util/feature/testing",
			"Rev": "3ccfe8365421eb08e334b195786a2973460741d8"
		},
		{
			"ImportPath": "k8s.io/apiserver/pkg/util/flag",
			"Rev": "3ccfe8365421eb08e334b195786a2973460741d8"
		},
		{
			"ImportPath": "k8s.io/apiserver/pkg/util/flushwriter",
			"Rev": "3ccfe8365421eb08e334b195786a2973460741d8"
		},
		{
			"ImportPath": "k8s.io/apiserver/pkg/util/logs",
			"Rev": "3ccfe8365421eb08e334b195786a2973460741d8"
		},
		{
			"ImportPath": "k8s.io/apiserver/pkg/util/openapi",
			"Rev": "3ccfe8365421eb08e334b195786a2973460741d8"
		},
		{
			"ImportPath": "k8s.io/apiserver/pkg/util/proxy",
			"Rev": "3ccfe8365421eb08e334b195786a2973460741d8"
		},
		{
			"ImportPath": "k8s.io/apiserver/pkg/util/trace",
			"Rev": "3ccfe8365421eb08e334b195786a2973460741d8"
		},
		{
			"ImportPath": "k8s.io/apiserver/pkg/util/webhook",
			"Rev": "3ccfe8365421eb08e334b195786a2973460741d8"
		},
		{
			"ImportPath": "k8s.io/apiserver/pkg/util/wsstream",
			"Rev": "3ccfe8365421eb08e334b195786a2973460741d8"
		},
		{
			"ImportPath": "k8s.io/apiserver/plugin/pkg/audit/buffered",
			"Rev": "3ccfe8365421eb08e334b195786a2973460741d8"
		},
		{
			"ImportPath": "k8s.io/apiserver/plugin/pkg/audit/dynamic",
			"Rev": "3ccfe8365421eb08e334b195786a2973460741d8"
		},
		{
			"ImportPath": "k8s.io/apiserver/plugin/pkg/audit/dynamic/enforced",
			"Rev": "3ccfe8365421eb08e334b195786a2973460741d8"
		},
		{
			"ImportPath": "k8s.io/apiserver/plugin/pkg/audit/log",
			"Rev": "3ccfe8365421eb08e334b195786a2973460741d8"
		},
		{
			"ImportPath": "k8s.io/apiserver/plugin/pkg/audit/truncate",
			"Rev": "3ccfe8365421eb08e334b195786a2973460741d8"
		},
		{
			"ImportPath": "k8s.io/apiserver/plugin/pkg/audit/webhook",
			"Rev": "3ccfe8365421eb08e334b195786a2973460741d8"
		},
		{
			"ImportPath": "k8s.io/apiserver/plugin/pkg/authenticator/token/webhook",
			"Rev": "3ccfe8365421eb08e334b195786a2973460741d8"
		},
		{
			"ImportPath": "k8s.io/apiserver/plugin/pkg/authorizer/webhook",
			"Rev": "3ccfe8365421eb08e334b195786a2973460741d8"
		},
		{
			"ImportPath": "k8s.io/client-go/discovery",
			"Rev": "8d9ed539ba3134352c586810e749e58df4e94e4f"
		},
		{
			"ImportPath": "k8s.io/client-go/discovery/fake",
			"Rev": "8d9ed539ba3134352c586810e749e58df4e94e4f"
		},
		{
			"ImportPath": "k8s.io/client-go/dynamic",
			"Rev": "8d9ed539ba3134352c586810e749e58df4e94e4f"
		},
		{
			"ImportPath": "k8s.io/client-go/informers",
			"Rev": "8d9ed539ba3134352c586810e749e58df4e94e4f"
		},
		{
			"ImportPath": "k8s.io/client-go/informers/admissionregistration",
			"Rev": "8d9ed539ba3134352c586810e749e58df4e94e4f"
		},
		{
			"ImportPath": "k8s.io/client-go/informers/admissionregistration/v1alpha1",
			"Rev": "8d9ed539ba3134352c586810e749e58df4e94e4f"
		},
		{
			"ImportPath": "k8s.io/client-go/informers/admissionregistration/v1beta1",
			"Rev": "8d9ed539ba3134352c586810e749e58df4e94e4f"
		},
		{
			"ImportPath": "k8s.io/client-go/informers/apps",
			"Rev": "8d9ed539ba3134352c586810e749e58df4e94e4f"
		},
		{
			"ImportPath": "k8s.io/client-go/informers/apps/v1",
			"Rev": "8d9ed539ba3134352c586810e749e58df4e94e4f"
		},
		{
			"ImportPath": "k8s.io/client-go/informers/apps/v1beta1",
			"Rev": "8d9ed539ba3134352c586810e749e58df4e94e4f"
		},
		{
			"ImportPath": "k8s.io/client-go/informers/apps/v1beta2",
			"Rev": "8d9ed539ba3134352c586810e749e58df4e94e4f"
		},
		{
			"ImportPath": "k8s.io/client-go/informers/auditregistration",
			"Rev": "8d9ed539ba3134352c586810e749e58df4e94e4f"
		},
		{
			"ImportPath": "k8s.io/client-go/informers/auditregistration/v1alpha1",
			"Rev": "8d9ed539ba3134352c586810e749e58df4e94e4f"
		},
		{
			"ImportPath": "k8s.io/client-go/informers/autoscaling",
			"Rev": "8d9ed539ba3134352c586810e749e58df4e94e4f"
		},
		{
			"ImportPath": "k8s.io/client-go/informers/autoscaling/v1",
			"Rev": "8d9ed539ba3134352c586810e749e58df4e94e4f"
		},
		{
			"ImportPath": "k8s.io/client-go/informers/autoscaling/v2beta1",
			"Rev": "8d9ed539ba3134352c586810e749e58df4e94e4f"
		},
		{
			"ImportPath": "k8s.io/client-go/informers/autoscaling/v2beta2",
			"Rev": "8d9ed539ba3134352c586810e749e58df4e94e4f"
		},
		{
			"ImportPath": "k8s.io/client-go/informers/batch",
			"Rev": "8d9ed539ba3134352c586810e749e58df4e94e4f"
		},
		{
			"ImportPath": "k8s.io/client-go/informers/batch/v1",
			"Rev": "8d9ed539ba3134352c586810e749e58df4e94e4f"
		},
		{
			"ImportPath": "k8s.io/client-go/informers/batch/v1beta1",
			"Rev": "8d9ed539ba3134352c586810e749e58df4e94e4f"
		},
		{
			"ImportPath": "k8s.io/client-go/informers/batch/v2alpha1",
			"Rev": "8d9ed539ba3134352c586810e749e58df4e94e4f"
		},
		{
			"ImportPath": "k8s.io/client-go/informers/certificates",
			"Rev": "8d9ed539ba3134352c586810e749e58df4e94e4f"
		},
		{
			"ImportPath": "k8s.io/client-go/informers/certificates/v1beta1",
			"Rev": "8d9ed539ba3134352c586810e749e58df4e94e4f"
		},
		{
			"ImportPath": "k8s.io/client-go/informers/coordination",
			"Rev": "8d9ed539ba3134352c586810e749e58df4e94e4f"
		},
		{
			"ImportPath": "k8s.io/client-go/informers/coordination/v1beta1",
			"Rev": "8d9ed539ba3134352c586810e749e58df4e94e4f"
		},
		{
			"ImportPath": "k8s.io/client-go/informers/core",
			"Rev": "8d9ed539ba3134352c586810e749e58df4e94e4f"
		},
		{
			"ImportPath": "k8s.io/client-go/informers/core/v1",
			"Rev": "8d9ed539ba3134352c586810e749e58df4e94e4f"
		},
		{
			"ImportPath": "k8s.io/client-go/informers/events",
			"Rev": "8d9ed539ba3134352c586810e749e58df4e94e4f"
		},
		{
			"ImportPath": "k8s.io/client-go/informers/events/v1beta1",
			"Rev": "8d9ed539ba3134352c586810e749e58df4e94e4f"
		},
		{
			"ImportPath": "k8s.io/client-go/informers/extensions",
			"Rev": "8d9ed539ba3134352c586810e749e58df4e94e4f"
		},
		{
			"ImportPath": "k8s.io/client-go/informers/extensions/v1beta1",
			"Rev": "8d9ed539ba3134352c586810e749e58df4e94e4f"
		},
		{
			"ImportPath": "k8s.io/client-go/informers/internalinterfaces",
			"Rev": "8d9ed539ba3134352c586810e749e58df4e94e4f"
		},
		{
			"ImportPath": "k8s.io/client-go/informers/networking",
			"Rev": "8d9ed539ba3134352c586810e749e58df4e94e4f"
		},
		{
			"ImportPath": "k8s.io/client-go/informers/networking/v1",
			"Rev": "8d9ed539ba3134352c586810e749e58df4e94e4f"
		},
		{
			"ImportPath": "k8s.io/client-go/informers/policy",
			"Rev": "8d9ed539ba3134352c586810e749e58df4e94e4f"
		},
		{
			"ImportPath": "k8s.io/client-go/informers/policy/v1beta1",
			"Rev": "8d9ed539ba3134352c586810e749e58df4e94e4f"
		},
		{
			"ImportPath": "k8s.io/client-go/informers/rbac",
			"Rev": "8d9ed539ba3134352c586810e749e58df4e94e4f"
		},
		{
			"ImportPath": "k8s.io/client-go/informers/rbac/v1",
			"Rev": "8d9ed539ba3134352c586810e749e58df4e94e4f"
		},
		{
			"ImportPath": "k8s.io/client-go/informers/rbac/v1alpha1",
			"Rev": "8d9ed539ba3134352c586810e749e58df4e94e4f"
		},
		{
			"ImportPath": "k8s.io/client-go/informers/rbac/v1beta1",
			"Rev": "8d9ed539ba3134352c586810e749e58df4e94e4f"
		},
		{
			"ImportPath": "k8s.io/client-go/informers/scheduling",
			"Rev": "8d9ed539ba3134352c586810e749e58df4e94e4f"
		},
		{
			"ImportPath": "k8s.io/client-go/informers/scheduling/v1alpha1",
			"Rev": "8d9ed539ba3134352c586810e749e58df4e94e4f"
		},
		{
			"ImportPath": "k8s.io/client-go/informers/scheduling/v1beta1",
			"Rev": "8d9ed539ba3134352c586810e749e58df4e94e4f"
		},
		{
			"ImportPath": "k8s.io/client-go/informers/settings",
			"Rev": "8d9ed539ba3134352c586810e749e58df4e94e4f"
		},
		{
			"ImportPath": "k8s.io/client-go/informers/settings/v1alpha1",
			"Rev": "8d9ed539ba3134352c586810e749e58df4e94e4f"
		},
		{
			"ImportPath": "k8s.io/client-go/informers/storage",
			"Rev": "8d9ed539ba3134352c586810e749e58df4e94e4f"
		},
		{
			"ImportPath": "k8s.io/client-go/informers/storage/v1",
			"Rev": "8d9ed539ba3134352c586810e749e58df4e94e4f"
		},
		{
			"ImportPath": "k8s.io/client-go/informers/storage/v1alpha1",
			"Rev": "8d9ed539ba3134352c586810e749e58df4e94e4f"
		},
		{
			"ImportPath": "k8s.io/client-go/informers/storage/v1beta1",
			"Rev": "8d9ed539ba3134352c586810e749e58df4e94e4f"
		},
		{
			"ImportPath": "k8s.io/client-go/kubernetes",
			"Rev": "8d9ed539ba3134352c586810e749e58df4e94e4f"
		},
		{
			"ImportPath": "k8s.io/client-go/kubernetes/scheme",
			"Rev": "8d9ed539ba3134352c586810e749e58df4e94e4f"
		},
		{
			"ImportPath": "k8s.io/client-go/kubernetes/typed/admissionregistration/v1alpha1",
			"Rev": "8d9ed539ba3134352c586810e749e58df4e94e4f"
		},
		{
			"ImportPath": "k8s.io/client-go/kubernetes/typed/admissionregistration/v1beta1",
			"Rev": "8d9ed539ba3134352c586810e749e58df4e94e4f"
		},
		{
			"ImportPath": "k8s.io/client-go/kubernetes/typed/apps/v1",
			"Rev": "8d9ed539ba3134352c586810e749e58df4e94e4f"
		},
		{
			"ImportPath": "k8s.io/client-go/kubernetes/typed/apps/v1beta1",
			"Rev": "8d9ed539ba3134352c586810e749e58df4e94e4f"
		},
		{
			"ImportPath": "k8s.io/client-go/kubernetes/typed/apps/v1beta2",
			"Rev": "8d9ed539ba3134352c586810e749e58df4e94e4f"
		},
		{
			"ImportPath": "k8s.io/client-go/kubernetes/typed/auditregistration/v1alpha1",
			"Rev": "8d9ed539ba3134352c586810e749e58df4e94e4f"
		},
		{
			"ImportPath": "k8s.io/client-go/kubernetes/typed/authentication/v1",
			"Rev": "8d9ed539ba3134352c586810e749e58df4e94e4f"
		},
		{
			"ImportPath": "k8s.io/client-go/kubernetes/typed/authentication/v1beta1",
			"Rev": "8d9ed539ba3134352c586810e749e58df4e94e4f"
		},
		{
			"ImportPath": "k8s.io/client-go/kubernetes/typed/authorization/v1",
			"Rev": "8d9ed539ba3134352c586810e749e58df4e94e4f"
		},
		{
			"ImportPath": "k8s.io/client-go/kubernetes/typed/authorization/v1beta1",
			"Rev": "8d9ed539ba3134352c586810e749e58df4e94e4f"
		},
		{
			"ImportPath": "k8s.io/client-go/kubernetes/typed/autoscaling/v1",
			"Rev": "8d9ed539ba3134352c586810e749e58df4e94e4f"
		},
		{
			"ImportPath": "k8s.io/client-go/kubernetes/typed/autoscaling/v2beta1",
			"Rev": "8d9ed539ba3134352c586810e749e58df4e94e4f"
		},
		{
			"ImportPath": "k8s.io/client-go/kubernetes/typed/autoscaling/v2beta2",
			"Rev": "8d9ed539ba3134352c586810e749e58df4e94e4f"
		},
		{
			"ImportPath": "k8s.io/client-go/kubernetes/typed/batch/v1",
			"Rev": "8d9ed539ba3134352c586810e749e58df4e94e4f"
		},
		{
			"ImportPath": "k8s.io/client-go/kubernetes/typed/batch/v1beta1",
			"Rev": "8d9ed539ba3134352c586810e749e58df4e94e4f"
		},
		{
			"ImportPath": "k8s.io/client-go/kubernetes/typed/batch/v2alpha1",
			"Rev": "8d9ed539ba3134352c586810e749e58df4e94e4f"
		},
		{
			"ImportPath": "k8s.io/client-go/kubernetes/typed/certificates/v1beta1",
			"Rev": "8d9ed539ba3134352c586810e749e58df4e94e4f"
		},
		{
			"ImportPath": "k8s.io/client-go/kubernetes/typed/coordination/v1beta1",
			"Rev": "8d9ed539ba3134352c586810e749e58df4e94e4f"
		},
		{
			"ImportPath": "k8s.io/client-go/kubernetes/typed/core/v1",
			"Rev": "8d9ed539ba3134352c586810e749e58df4e94e4f"
		},
		{
			"ImportPath": "k8s.io/client-go/kubernetes/typed/events/v1beta1",
			"Rev": "8d9ed539ba3134352c586810e749e58df4e94e4f"
		},
		{
			"ImportPath": "k8s.io/client-go/kubernetes/typed/extensions/v1beta1",
			"Rev": "8d9ed539ba3134352c586810e749e58df4e94e4f"
		},
		{
			"ImportPath": "k8s.io/client-go/kubernetes/typed/networking/v1",
			"Rev": "8d9ed539ba3134352c586810e749e58df4e94e4f"
		},
		{
			"ImportPath": "k8s.io/client-go/kubernetes/typed/policy/v1beta1",
			"Rev": "8d9ed539ba3134352c586810e749e58df4e94e4f"
		},
		{
			"ImportPath": "k8s.io/client-go/kubernetes/typed/rbac/v1",
			"Rev": "8d9ed539ba3134352c586810e749e58df4e94e4f"
		},
		{
			"ImportPath": "k8s.io/client-go/kubernetes/typed/rbac/v1alpha1",
			"Rev": "8d9ed539ba3134352c586810e749e58df4e94e4f"
		},
		{
			"ImportPath": "k8s.io/client-go/kubernetes/typed/rbac/v1beta1",
			"Rev": "8d9ed539ba3134352c586810e749e58df4e94e4f"
		},
		{
			"ImportPath": "k8s.io/client-go/kubernetes/typed/scheduling/v1alpha1",
			"Rev": "8d9ed539ba3134352c586810e749e58df4e94e4f"
		},
		{
			"ImportPath": "k8s.io/client-go/kubernetes/typed/scheduling/v1beta1",
			"Rev": "8d9ed539ba3134352c586810e749e58df4e94e4f"
		},
		{
			"ImportPath": "k8s.io/client-go/kubernetes/typed/settings/v1alpha1",
			"Rev": "8d9ed539ba3134352c586810e749e58df4e94e4f"
		},
		{
			"ImportPath": "k8s.io/client-go/kubernetes/typed/storage/v1",
			"Rev": "8d9ed539ba3134352c586810e749e58df4e94e4f"
		},
		{
			"ImportPath": "k8s.io/client-go/kubernetes/typed/storage/v1alpha1",
			"Rev": "8d9ed539ba3134352c586810e749e58df4e94e4f"
		},
		{
			"ImportPath": "k8s.io/client-go/kubernetes/typed/storage/v1beta1",
			"Rev": "8d9ed539ba3134352c586810e749e58df4e94e4f"
		},
		{
			"ImportPath": "k8s.io/client-go/listers/admissionregistration/v1alpha1",
			"Rev": "8d9ed539ba3134352c586810e749e58df4e94e4f"
		},
		{
			"ImportPath": "k8s.io/client-go/listers/admissionregistration/v1beta1",
			"Rev": "8d9ed539ba3134352c586810e749e58df4e94e4f"
		},
		{
			"ImportPath": "k8s.io/client-go/listers/apps/v1",
			"Rev": "8d9ed539ba3134352c586810e749e58df4e94e4f"
		},
		{
			"ImportPath": "k8s.io/client-go/listers/apps/v1beta1",
			"Rev": "8d9ed539ba3134352c586810e749e58df4e94e4f"
		},
		{
			"ImportPath": "k8s.io/client-go/listers/apps/v1beta2",
			"Rev": "8d9ed539ba3134352c586810e749e58df4e94e4f"
		},
		{
			"ImportPath": "k8s.io/client-go/listers/auditregistration/v1alpha1",
			"Rev": "8d9ed539ba3134352c586810e749e58df4e94e4f"
		},
		{
			"ImportPath": "k8s.io/client-go/listers/autoscaling/v1",
			"Rev": "8d9ed539ba3134352c586810e749e58df4e94e4f"
		},
		{
			"ImportPath": "k8s.io/client-go/listers/autoscaling/v2beta1",
			"Rev": "8d9ed539ba3134352c586810e749e58df4e94e4f"
		},
		{
			"ImportPath": "k8s.io/client-go/listers/autoscaling/v2beta2",
			"Rev": "8d9ed539ba3134352c586810e749e58df4e94e4f"
		},
		{
			"ImportPath": "k8s.io/client-go/listers/batch/v1",
			"Rev": "8d9ed539ba3134352c586810e749e58df4e94e4f"
		},
		{
			"ImportPath": "k8s.io/client-go/listers/batch/v1beta1",
			"Rev": "8d9ed539ba3134352c586810e749e58df4e94e4f"
		},
		{
			"ImportPath": "k8s.io/client-go/listers/batch/v2alpha1",
			"Rev": "8d9ed539ba3134352c586810e749e58df4e94e4f"
		},
		{
			"ImportPath": "k8s.io/client-go/listers/certificates/v1beta1",
			"Rev": "8d9ed539ba3134352c586810e749e58df4e94e4f"
		},
		{
			"ImportPath": "k8s.io/client-go/listers/coordination/v1beta1",
			"Rev": "8d9ed539ba3134352c586810e749e58df4e94e4f"
		},
		{
			"ImportPath": "k8s.io/client-go/listers/core/v1",
			"Rev": "8d9ed539ba3134352c586810e749e58df4e94e4f"
		},
		{
			"ImportPath": "k8s.io/client-go/listers/events/v1beta1",
			"Rev": "8d9ed539ba3134352c586810e749e58df4e94e4f"
		},
		{
			"ImportPath": "k8s.io/client-go/listers/extensions/v1beta1",
			"Rev": "8d9ed539ba3134352c586810e749e58df4e94e4f"
		},
		{
			"ImportPath": "k8s.io/client-go/listers/networking/v1",
			"Rev": "8d9ed539ba3134352c586810e749e58df4e94e4f"
		},
		{
			"ImportPath": "k8s.io/client-go/listers/policy/v1beta1",
			"Rev": "8d9ed539ba3134352c586810e749e58df4e94e4f"
		},
		{
			"ImportPath": "k8s.io/client-go/listers/rbac/v1",
			"Rev": "8d9ed539ba3134352c586810e749e58df4e94e4f"
		},
		{
			"ImportPath": "k8s.io/client-go/listers/rbac/v1alpha1",
			"Rev": "8d9ed539ba3134352c586810e749e58df4e94e4f"
		},
		{
			"ImportPath": "k8s.io/client-go/listers/rbac/v1beta1",
			"Rev": "8d9ed539ba3134352c586810e749e58df4e94e4f"
		},
		{
			"ImportPath": "k8s.io/client-go/listers/scheduling/v1alpha1",
			"Rev": "8d9ed539ba3134352c586810e749e58df4e94e4f"
		},
		{
			"ImportPath": "k8s.io/client-go/listers/scheduling/v1beta1",
			"Rev": "8d9ed539ba3134352c586810e749e58df4e94e4f"
		},
		{
			"ImportPath": "k8s.io/client-go/listers/settings/v1alpha1",
			"Rev": "8d9ed539ba3134352c586810e749e58df4e94e4f"
		},
		{
			"ImportPath": "k8s.io/client-go/listers/storage/v1",
			"Rev": "8d9ed539ba3134352c586810e749e58df4e94e4f"
		},
		{
			"ImportPath": "k8s.io/client-go/listers/storage/v1alpha1",
			"Rev": "8d9ed539ba3134352c586810e749e58df4e94e4f"
		},
		{
			"ImportPath": "k8s.io/client-go/listers/storage/v1beta1",
			"Rev": "8d9ed539ba3134352c586810e749e58df4e94e4f"
		},
		{
			"ImportPath": "k8s.io/client-go/pkg/apis/clientauthentication",
			"Rev": "8d9ed539ba3134352c586810e749e58df4e94e4f"
		},
		{
			"ImportPath": "k8s.io/client-go/pkg/apis/clientauthentication/v1alpha1",
			"Rev": "8d9ed539ba3134352c586810e749e58df4e94e4f"
		},
		{
			"ImportPath": "k8s.io/client-go/pkg/apis/clientauthentication/v1beta1",
			"Rev": "8d9ed539ba3134352c586810e749e58df4e94e4f"
		},
		{
			"ImportPath": "k8s.io/client-go/pkg/version",
			"Rev": "8d9ed539ba3134352c586810e749e58df4e94e4f"
		},
		{
			"ImportPath": "k8s.io/client-go/plugin/pkg/client/auth/exec",
			"Rev": "8d9ed539ba3134352c586810e749e58df4e94e4f"
		},
		{
			"ImportPath": "k8s.io/client-go/rest",
			"Rev": "8d9ed539ba3134352c586810e749e58df4e94e4f"
		},
		{
			"ImportPath": "k8s.io/client-go/rest/watch",
			"Rev": "8d9ed539ba3134352c586810e749e58df4e94e4f"
		},
		{
			"ImportPath": "k8s.io/client-go/restmapper",
			"Rev": "8d9ed539ba3134352c586810e749e58df4e94e4f"
		},
		{
			"ImportPath": "k8s.io/client-go/scale",
			"Rev": "8d9ed539ba3134352c586810e749e58df4e94e4f"
		},
		{
			"ImportPath": "k8s.io/client-go/scale/scheme",
			"Rev": "8d9ed539ba3134352c586810e749e58df4e94e4f"
		},
		{
			"ImportPath": "k8s.io/client-go/scale/scheme/appsint",
			"Rev": "8d9ed539ba3134352c586810e749e58df4e94e4f"
		},
		{
			"ImportPath": "k8s.io/client-go/scale/scheme/appsv1beta1",
			"Rev": "8d9ed539ba3134352c586810e749e58df4e94e4f"
		},
		{
			"ImportPath": "k8s.io/client-go/scale/scheme/appsv1beta2",
			"Rev": "8d9ed539ba3134352c586810e749e58df4e94e4f"
		},
		{
			"ImportPath": "k8s.io/client-go/scale/scheme/autoscalingv1",
			"Rev": "8d9ed539ba3134352c586810e749e58df4e94e4f"
		},
		{
			"ImportPath": "k8s.io/client-go/scale/scheme/extensionsint",
			"Rev": "8d9ed539ba3134352c586810e749e58df4e94e4f"
		},
		{
			"ImportPath": "k8s.io/client-go/scale/scheme/extensionsv1beta1",
			"Rev": "8d9ed539ba3134352c586810e749e58df4e94e4f"
		},
		{
			"ImportPath": "k8s.io/client-go/testing",
			"Rev": "8d9ed539ba3134352c586810e749e58df4e94e4f"
		},
		{
			"ImportPath": "k8s.io/client-go/third_party/forked/golang/template",
			"Rev": "8d9ed539ba3134352c586810e749e58df4e94e4f"
		},
		{
			"ImportPath": "k8s.io/client-go/tools/auth",
			"Rev": "8d9ed539ba3134352c586810e749e58df4e94e4f"
		},
		{
			"ImportPath": "k8s.io/client-go/tools/cache",
			"Rev": "8d9ed539ba3134352c586810e749e58df4e94e4f"
		},
		{
			"ImportPath": "k8s.io/client-go/tools/clientcmd",
			"Rev": "8d9ed539ba3134352c586810e749e58df4e94e4f"
		},
		{
			"ImportPath": "k8s.io/client-go/tools/clientcmd/api",
			"Rev": "8d9ed539ba3134352c586810e749e58df4e94e4f"
		},
		{
			"ImportPath": "k8s.io/client-go/tools/clientcmd/api/latest",
			"Rev": "8d9ed539ba3134352c586810e749e58df4e94e4f"
		},
		{
			"ImportPath": "k8s.io/client-go/tools/clientcmd/api/v1",
			"Rev": "8d9ed539ba3134352c586810e749e58df4e94e4f"
		},
		{
			"ImportPath": "k8s.io/client-go/tools/metrics",
			"Rev": "8d9ed539ba3134352c586810e749e58df4e94e4f"
		},
		{
			"ImportPath": "k8s.io/client-go/tools/pager",
			"Rev": "8d9ed539ba3134352c586810e749e58df4e94e4f"
		},
		{
			"ImportPath": "k8s.io/client-go/tools/record",
			"Rev": "8d9ed539ba3134352c586810e749e58df4e94e4f"
		},
		{
			"ImportPath": "k8s.io/client-go/tools/reference",
			"Rev": "8d9ed539ba3134352c586810e749e58df4e94e4f"
		},
		{
			"ImportPath": "k8s.io/client-go/transport",
			"Rev": "8d9ed539ba3134352c586810e749e58df4e94e4f"
		},
		{
			"ImportPath": "k8s.io/client-go/util/buffer",
			"Rev": "8d9ed539ba3134352c586810e749e58df4e94e4f"
		},
		{
			"ImportPath": "k8s.io/client-go/util/cert",
			"Rev": "8d9ed539ba3134352c586810e749e58df4e94e4f"
		},
		{
			"ImportPath": "k8s.io/client-go/util/connrotation",
			"Rev": "8d9ed539ba3134352c586810e749e58df4e94e4f"
		},
		{
			"ImportPath": "k8s.io/client-go/util/flowcontrol",
			"Rev": "8d9ed539ba3134352c586810e749e58df4e94e4f"
		},
		{
			"ImportPath": "k8s.io/client-go/util/homedir",
			"Rev": "8d9ed539ba3134352c586810e749e58df4e94e4f"
		},
		{
			"ImportPath": "k8s.io/client-go/util/integer",
			"Rev": "8d9ed539ba3134352c586810e749e58df4e94e4f"
		},
		{
			"ImportPath": "k8s.io/client-go/util/jsonpath",
			"Rev": "8d9ed539ba3134352c586810e749e58df4e94e4f"
		},
		{
			"ImportPath": "k8s.io/client-go/util/retry",
			"Rev": "8d9ed539ba3134352c586810e749e58df4e94e4f"
		},
		{
			"ImportPath": "k8s.io/client-go/util/workqueue",
			"Rev": "8d9ed539ba3134352c586810e749e58df4e94e4f"
		},
		{
			"ImportPath": "k8s.io/klog",
			"Rev": "8139d8cb77af419532b33dfa7dd09fbc5f1d344f"
		},
		{
			"ImportPath": "k8s.io/kube-openapi/pkg/builder",
			"Rev": "c59034cc13d587f5ef4e85ca0ade0c1866ae8e1d"
		},
		{
			"ImportPath": "k8s.io/kube-openapi/pkg/common",
			"Rev": "c59034cc13d587f5ef4e85ca0ade0c1866ae8e1d"
		},
		{
			"ImportPath": "k8s.io/kube-openapi/pkg/handler",
			"Rev": "c59034cc13d587f5ef4e85ca0ade0c1866ae8e1d"
		},
		{
			"ImportPath": "k8s.io/kube-openapi/pkg/util",
			"Rev": "c59034cc13d587f5ef4e85ca0ade0c1866ae8e1d"
		},
		{
			"ImportPath": "k8s.io/kube-openapi/pkg/util/proto",
			"Rev": "c59034cc13d587f5ef4e85ca0ade0c1866ae8e1d"
		},
		{
			"ImportPath": "sigs.k8s.io/yaml",
			"Rev": "fd68e9863619f6ec2fdd8625fe1f02e7c877e480"
		}
	]
}
