{
	"ImportPath": "k8s.io/code-generator",
	"GoVersion": "go1.11",
	"GodepVersion": "v80",
	"Packages": [
		"./..."
	],
	"Deps": [
		{
			"ImportPath": "github.com/gogo/protobuf/gogoproto",
			"Rev": "342cbe0a04158f6dcb03ca0079991a51a4248c02"
		},
		{
			"ImportPath": "github.com/gogo/protobuf/plugin/compare",
			"Rev": "342cbe0a04158f6dcb03ca0079991a51a4248c02"
		},
		{
			"ImportPath": "github.com/gogo/protobuf/plugin/defaultcheck",
			"Rev": "342cbe0a04158f6dcb03ca0079991a51a4248c02"
		},
		{
			"ImportPath": "github.com/gogo/protobuf/plugin/description",
			"Rev": "342cbe0a04158f6dcb03ca0079991a51a4248c02"
		},
		{
			"ImportPath": "github.com/gogo/protobuf/plugin/embedcheck",
			"Rev": "342cbe0a04158f6dcb03ca0079991a51a4248c02"
		},
		{
			"ImportPath": "github.com/gogo/protobuf/plugin/enumstringer",
			"Rev": "342cbe0a04158f6dcb03ca0079991a51a4248c02"
		},
		{
			"ImportPath": "github.com/gogo/protobuf/plugin/equal",
			"Rev": "342cbe0a04158f6dcb03ca0079991a51a4248c02"
		},
		{
			"ImportPath": "github.com/gogo/protobuf/plugin/face",
			"Rev": "342cbe0a04158f6dcb03ca0079991a51a4248c02"
		},
		{
			"ImportPath": "github.com/gogo/protobuf/plugin/gostring",
			"Rev": "342cbe0a04158f6dcb03ca0079991a51a4248c02"
		},
		{
			"ImportPath": "github.com/gogo/protobuf/plugin/marshalto",
			"Rev": "342cbe0a04158f6dcb03ca0079991a51a4248c02"
		},
		{
			"ImportPath": "github.com/gogo/protobuf/plugin/oneofcheck",
			"Rev": "342cbe0a04158f6dcb03ca0079991a51a4248c02"
		},
		{
			"ImportPath": "github.com/gogo/protobuf/plugin/populate",
			"Rev": "342cbe0a04158f6dcb03ca0079991a51a4248c02"
		},
		{
			"ImportPath": "github.com/gogo/protobuf/plugin/size",
			"Rev": "342cbe0a04158f6dcb03ca0079991a51a4248c02"
		},
		{
			"ImportPath": "github.com/gogo/protobuf/plugin/stringer",
			"Rev": "342cbe0a04158f6dcb03ca0079991a51a4248c02"
		},
		{
			"ImportPath": "github.com/gogo/protobuf/plugin/testgen",
			"Rev": "342cbe0a04158f6dcb03ca0079991a51a4248c02"
		},
		{
			"ImportPath": "github.com/gogo/protobuf/plugin/union",
			"Rev": "342cbe0a04158f6dcb03ca0079991a51a4248c02"
		},
		{
			"ImportPath": "github.com/gogo/protobuf/plugin/unmarshal",
			"Rev": "342cbe0a04158f6dcb03ca0079991a51a4248c02"
		},
		{
			"ImportPath": "github.com/gogo/protobuf/proto",
			"Rev": "342cbe0a04158f6dcb03ca0079991a51a4248c02"
		},
		{
			"ImportPath": "github.com/gogo/protobuf/protoc-gen-gogo/descriptor",
			"Rev": "342cbe0a04158f6dcb03ca0079991a51a4248c02"
		},
		{
			"ImportPath": "github.com/gogo/protobuf/protoc-gen-gogo/generator",
			"Rev": "342cbe0a04158f6dcb03ca0079991a51a4248c02"
		},
		{
			"ImportPath": "github.com/gogo/protobuf/protoc-gen-gogo/grpc",
			"Rev": "342cbe0a04158f6dcb03ca0079991a51a4248c02"
		},
		{
			"ImportPath": "github.com/gogo/protobuf/protoc-gen-gogo/plugin",
			"Rev": "342cbe0a04158f6dcb03ca0079991a51a4248c02"
		},
		{
			"ImportPath": "github.com/gogo/protobuf/sortkeys",
			"Rev": "342cbe0a04158f6dcb03ca0079991a51a4248c02"
		},
		{
			"ImportPath": "github.com/gogo/protobuf/vanity",
			"Rev": "342cbe0a04158f6dcb03ca0079991a51a4248c02"
		},
		{
			"ImportPath": "github.com/gogo/protobuf/vanity/command",
			"Rev": "342cbe0a04158f6dcb03ca0079991a51a4248c02"
		},
		{
			"ImportPath": "github.com/spf13/pflag",
			"Rev": "583c0c0531f06d5278b7d917446061adc344b5cd"
		},
		{
			"ImportPath": "golang.org/x/tools/go/ast/astutil",
			"Rev": "2382e3994d48b1d22acc2c86bcad0a2aff028e32"
		},
		{
			"ImportPath": "golang.org/x/tools/imports",
			"Rev": "2382e3994d48b1d22acc2c86bcad0a2aff028e32"
		},
		{
			"ImportPath": "k8s.io/gengo/args",
			"Rev": "51747d6e00da1fc578d5a333a93bb2abcbce7a95"
		},
		{
			"ImportPath": "k8s.io/gengo/examples/deepcopy-gen/generators",
			"Rev": "51747d6e00da1fc578d5a333a93bb2abcbce7a95"
		},
		{
			"ImportPath": "k8s.io/gengo/examples/defaulter-gen/generators",
			"Rev": "51747d6e00da1fc578d5a333a93bb2abcbce7a95"
		},
		{
			"ImportPath": "k8s.io/gengo/examples/import-boss/generators",
			"Rev": "51747d6e00da1fc578d5a333a93bb2abcbce7a95"
		},
		{
			"ImportPath": "k8s.io/gengo/examples/set-gen/generators",
			"Rev": "51747d6e00da1fc578d5a333a93bb2abcbce7a95"
		},
		{
			"ImportPath": "k8s.io/gengo/examples/set-gen/sets",
			"Rev": "51747d6e00da1fc578d5a333a93bb2abcbce7a95"
		},
		{
			"ImportPath": "k8s.io/gengo/generator",
			"Rev": "51747d6e00da1fc578d5a333a93bb2abcbce7a95"
		},
		{
			"ImportPath": "k8s.io/gengo/namer",
			"Rev": "51747d6e00da1fc578d5a333a93bb2abcbce7a95"
		},
		{
			"ImportPath": "k8s.io/gengo/parser",
			"Rev": "51747d6e00da1fc578d5a333a93bb2abcbce7a95"
		},
		{
			"ImportPath": "k8s.io/gengo/types",
			"Rev": "51747d6e00da1fc578d5a333a93bb2abcbce7a95"
		},
		{
			"ImportPath": "k8s.io/klog",
			"Rev": "8139d8cb77af419532b33dfa7dd09fbc5f1d344f"
		}
	]
}
